Workbook

Sheet Summary Sheet 
A1: UPS | B1: 42917 | C1: 42948 | D1: 42979 | E1: 43009 | F1: 43040 | G1: 43070 | H1: 43101 | I1: 43132 | J1: Comments | K1: 43160 | L1: Comments | M1: 43282 | N1: Comments | O1: 43320 | P1: Comments | Q1: 24-10-2018 | R1: Comments | S1: 21-1-2019 | T1: Comments | U1: 27/8/2019 | V1: Comments | W1: 27/9/2019 | X1: Comments | Y1: 43565 | Z1: Comments | AA1: 31/10/2019 | AB1: Comments | AC1: 26/11/2019 | AD1: Comments | AE1: 44147 | AF1: Comments | AG1: 44321 | AH1: Comments
A2: AMAT | B2: 2 | C2: 2 | F2: 5 | H2: 4 | J2: Only Failed Batteries Considered. Not Changed | N2: To Be Checked | P2: To Be Checked | T2: Many Batteries reading not even coming | V2: Many reading not coming. UPS not in use | X2: Not Taken. UPS not in use. | AB2: Not Taken. UPS not in use. | AD2: Not Taken. UPS not in use. | AF2: Not Taken. UPS not in use. | AH2: Not Taken. UPS not in use.
A3: NANO | C3: 4 | J3: Only 5 "Warning" Batteries were replaced in Jan 2018 | K3: 26/3/2018 | L3: 32 new batteries installed on the second battery bank and old batteries removed. | M3: 0 | N3: All Pass | P3: To Be Checked | S3: 64 | T3: All Pass | U3: 64 | V3: All Pass | W3: 1 | X3: 1 Battery showing Failed | AA3: 64 | AB3: All Pass | AC3: 64 | AD3: All Pass | AE3: ='NANO '!AJ69 -> 64 | AF3: All Pass | AG3: ='NANO '!AL69 -> 64 | AH3: All Pass
A4: M1/M2 | M4: 16 | N4: In Warning Stage | P4: To Be Checked | S4: 83 | T4: 5 Batteries showing Failed & 78 Batteries showing Warning | U4: 5 | V4: 3 Warning & 2 Failed , Remaining 115 Passed. Battery Bank was fully changed on 3&4 August 2019 | W4: 8 | X4: 8 Batteries showing Failed | AA4: 9 | AB4: 4 Batteries showing Warning & 5 Batteries showing Failed | AC4: 15 | AD4: 2 Batteries showing Warning & 13 Batteries showing Failed | AE4: ='MICRO 1 & 2 '!X128 -> 27 | AF4: 2 Batteries showing Warning & 25 Batteries showing Failed | AH4: Need to be taken
A5: MBE | B5: 2 | E5: 0 | F5: 1 | J5: 2 Batteries replace in October. 1 required to be changed as no reading is coming. | N5: To Be Checked | O5: 0 | P5: All Pass | S5: 3 | T5: 2 Showing Failed & Battery reading did not come | U5: 1 | V5: 1 Battery reading did not come. Rest are Passed. | W5: 1 | X5: 1 Battery reading did not come. Rest are Passed. | AA5: 2 | AB5: 1 Battery showing Warning & 1 Battery reading did not come | AC5: 1 | AD5: 1 Battery showing Failed | AE5: ='MBE '!Y129 -> 58 | AF5: 34 Batteries showing Warning & 24 Batteries showing Failed | AG5: ='MBE '!AE129 -> 80
A6: NCPRE | F6: 1 | H6: 0 | J6: Replaced on 2/2/2018 | N6: To Be Checked | O6: 0 | P6: All Pass | S6: 1 | T6: 1 Battery reading did not come | U6: 120 | V6: All Pass | W6: 1 | X6: 1 Battery reading did not come | AA6: 1 | AB6: 1 Battery showing Warning | AC6: 1 | AD6: 1 Battery showing Warning | AE6: ='NCPRE '!T129 -> 14 | AF6: 8 Batteries showing Warning & 6 Batteries showing Failed | AG6: ='NCPRE '!V129 -> 21
A7: NMPF | Y7: 44 | Z7: All Pass
A8: AL & PC CELL MBE LAB LAHA SIR 10 KVA UPS
A9: GAL 6 SC SIR MBE LAB 10 KVA UPS
A10: GAL EURO MBE LAB LAHA SIR 10 KVA UPS
A11: EC Lab 10 KVA UPS
A12: MCL UPS 1 15 KVA
A13: MCL UPS 2 15 KVA
A14: IT Team Office 6 KVA UPS
A15: Micro 2 Lab XPS 10 KVA UPS
A16: HSC [OE] [NCPRE] Lab UPS - Newly Added

Sheet Reference Sheet
A1: Battery Internal Resistance [IR] Specs by Voltage & AH [Ampere Hours]
A2: Sr. No. | B2: Voltage | C2: AH | D2: Max IR (m-ohm)
A3: 1 | B3: 12 | C3: 7 | D3: 22
A4: 2 | B4: 12 | C4: 9 | D4: 18
A5: 3 | B5: 12 | C5: 12 | D5: 16
A6: 4 | B6: 12 | C6: 17 | D6: 15
A7: 5 | B7: 12 | C7: 26 | D7: 10
A8: 6 | B8: 12 | C8: 42 | D8: 8
A9: 7 | B9: 12 | C9: 65 | D9: 8
A10: 8 | B10: 12 | C10: 75 | D10: 8
A11: 9 | B11: 12 | C11: 100 | D11: 6
A12: 10 | B12: 12 | C12: 120 | D12: 6
A13: 11 | B13: 12 | C13: 150 | D13: 6
A14: 12 | B14: 12 | C14: 200 | D14: 5
A16: LEGEND/KEY
A17: Pass | B17: Below 1.5 x Max IR
A18: Warning | B18: Between 1.5 x Max IR to 2.0 x Max IR
A19: Fail | B19: Above 2.0 x Max IR

Sheet AMAT 
A1: Battery Spec: 12 Volts 120 AH
A2: Brand: Exide Powersafe
A3: Sr. No. | B3: 42937 | C3: 31/8/2017 | D3: 15/11/2017 | E3: 43374 | F3: Comments - 10/1/2017
A4: 1 | B4: 4.5 | C4: 6.1 | D4: 6.4 | E4: 4.9 | F4: PASS
A5: 2 | B5: 4.4 | C5: 4.6 | D5: 4.5 | E5: 4.6 | F5: PASS
A6: 3 | B6: 4.2 | C6: 4.3 | D6: 9999 | E6: OF. | F6: 5.6 came as reading in 2nd attempt - PASS
A7: 4 | B7: 3.9 | C7: 3.9 | D7: 3.8 | E7: 4 | F7: PASS
A8: 5 | B8: 12.5 | C8: 30 | D8: 77.6 | E8: 24.5 | F8: FAIL
A9: 6 | B9: 5.7 | C9: 5.5 | D9: 5.2 | E9: 4.1 | F9: PASS
A10: 7 | B10: 3.4 | C10: 3.6 | D10: 3.8 | E10: 4.8 | F10: PASS
A11: 8 | B11: 4.5 | C11: 5.1 | D11: 5.1 | E11: 4.3 | F11: PASS
A12: 9 | B12: 4.6 | C12: 5.2 | D12: 5 | E12: 4.9 | F12: PASS
A13: 10 | B13: 5 | C13: 5.1 | D13: 4.5 | E13: 3.9 | F13: PASS
A14: 11 | B14: 4.6 | C14: 5.4 | D14: 4.5 | E14: 5.3 | F14: PASS
A15: 12 | B15: 3.7 | C15: 3.8 | D15: 3.9 | E15: 4.6 | F15: PASS
A16: 13 | B16: 5.6 | C16: 5.4 | D16: 5.7 | E16: 3.8 | F16: PASS
A17: 14 | B17: 5.4 | C17: 5.2 | D17: 4.8 | E17: 4.7 | F17: PASS
A18: 15 | B18: 5.1 | C18: 4.8 | D18: 4.8 | E18: 5.2 | F18: PASS
... A79: 76 | B79: 4.5 | C79: 5.2 | D79: 4.7 | E79: 6.5 | F79: PASS
A80: 77 | B80: 4.6 | C80: 4.4 | D80: 4.8 | E80: OF. | F80: 4.9 came as reading in 2nd attempt - PASS
A81: 78 | B81: 5.2 | C81: 5.8 | D81: 4.5 | E81: 5.9 | F81: PASS
A82: 79 | B82: 4.2 | C82: 3.9 | D82: 4 | E82: 4.8 | F82: PASS
A83: 80 | B83: 6.1 | C83: 6.2 | D83: 4.8 | E83: 3.7 | F83: PASS
A84: 81 | B84: 4.2 | C84: 3.9 | D84: 4.1 | E84: 4.5 | F84: PASS
A85: 82 | B85: 6.5 | C85: 5.7 | D85: 4.5 | E85: 4.8 | F85: PASS
A86: 83 | B86: 5.2 | C86: 5.5 | D86: 4.6 | E86: 4.8 | F86: PASS
A87: 84 | B87: 4.8 | C87: 5.1 | D87: 4.3 | E87: 3.6 | F87: PASS
A88: 85 | B88: 4.1 | C88: 3.8 | D88: 4 | E88: 4.5 | F88: PASS
A89: 86 | B89: 4.9 | C89: 6.4 | D89: 5.4 | E89: 4.7 | F89: PASS
A90: 87 | B90: 6.1 | C90: 5.4 | D90: 4.7 | E90: 4.4 | F90: PASS
A91: 88 | B91: 5 | C91: 5.1 | D91: 4.2 | E91: 3.9 | F91: PASS
A92: 89 | B92: 4.6 | C92: 5.4 | D92: 4.8 | E92: 5.2 | F92: PASS
... A123: 120 | B123: 5.4 | C123: 5.9 | D123: 4.5 | E123: 4.6 | F123: PASS

Sheet NANO 
A1: Battery Spec: 12 Volts 150 AH
A2: Brand: Exide Powersafe
A3: Sr.No. | B3: 42937 | C3: 30/8/2017 | D3: 15/11/2017 | E3: 20/12/2017 | F3: Comments - 20/12/2018 | G3: 43374 | H3: Comments - 10/1/2018 | I3: 43405 | J3: Comments - 11/1/2018 | K3: 43345 | L3: Comments - 9/2/2018 | M3: New Battery Reading | N3: 19/2/2018 | O3: Comments - 19/2/2018 | P3: 26/3/2018 | Q3: Comments - 26/3/2018 | R3: 43166 | S3: Comments - 3/7/2018 | T3: 24/10/2018 | U3: Comments - 24/10/2018 | V3: 21/1/2019 | W3: Comments - 21/1/2019 | X3: 19/8/2019 | Y3: Comments - 19/8/2019 | Z3: 27/9/2019 | AA3: Comments - 27/9/2019 | AB3: 31/10/2019 | AC3: Comments - 31/10/2019 | AD3: 26/11/2019 | AE3: Comments - 26/11/2019 | AF3: 44075 | AG3: Comments - 9/1/2020 | AH3: 25/2/2020 | AI3: Comments - 25/2/2020 | AJ3: 44024 | AK3: Comments - 7/12/2020 | AL3: 25/1/2021 | AM3: Comments - 25/1/2021 | AN3: 44442 | AO3: Comments - 9/3/2021 | AP3: 27/4/2021 | AQ3: Comments - 27/4/2021
A4: 1 | B4: 7.3 | C4: 8.7 | D4: 3.2 | E4: 2.4 | F4: PASS | G4: 3.7 | H4: Pass | K4: 3 | N4: 3.3 | R4: 3 | S4: Pass | T4: 2.9 | U4: Pass | V4: 2.7 | W4: Pass | X4: 3.1 | Y4: Pass | Z4: 2.8 | AA4: Pass | AB4: 3 | AC4: Pass | AD4: 2.9 | AE4: Pass | AF4: 5.52 | AG4: Pass | AH4: 2.93 | AI4: Pass | AJ4: 3.05 | AK4: Pass | AL4: 3.26 | AM4: Pass | AN4: 3.26 | AO4: Pass | AP4: 3.6 | AQ4: Pass
A5: 2 | B5: 4.9 | C5: 9.1 | D5: 3.2 | E5: 3.1 | F5: PASS | G5: 3.1 | H5: Pass | K5: 3.2 | N5: 3 | R5: 3.9 | S5: Pass | T5: 3.1 | U5: Pass | V5: 3 | W5: Pass | X5: 2.7 | Y5: Pass | Z5: 3.3 | AA5: Pass | AB5: 3.2 | AC5: Pass | AD5: 2.8 | AE5: Pass | AF5: 6.56 | AG5: Pass | AH5: 3.63 | AI5: Pass | AJ5: 3.33 | AK5: Pass | AL5: 3.27 | AM5: Pass | AN5: 3.4 | AO5: Pass | AP5: 4.2 | AQ5: Pass
A6: 3 | B6: 2.5 | C6: 2.7 | D6: 3.5 | E6: 3.1 | F6: PASS | G6: 3.3 | H6: Pass | K6: 3.3 | N6: 3.7 | R6: 3.2 | S6: Pass | T6: 3.3 | U6: Pass | V6: 3.2 | W6: Pass | X6: 3.3 | Y6: Pass | Z6: 3.7 | AA6: Pass | AB6: 3.2 | AC6: Pass | AD6: 2.5 | AE6: Pass | AF6: 5.74 | AG6: Pass | AH6: 3.34 | AI6: Pass | AJ6: 3.36 | AK6: Pass | AL6: 3.38 | AM6: Pass | AN6: 3.43 | AO6: Pass | AP6: 3.2 | AQ6: Pass
A7: 4 | B7: 6.2 | C7: 7.1 | D7: 7.1 | E7: 6.6 | F7: PASS | G7: 8.6 | H7: Pass | K7: 9 | L7: Replaced during Nano AHU & Chiller PM | M7: 2.3 | N7: 3.1 | R7: 2.9 | S7: Pass | T7: 3.2 | U7: Pass | V7: 3.7 | W7: Pass | X7: 2.7 | Y7: Pass | Z7: 3.5 | AA7: Pass | AB7: 3.4 | AC7: Pass | AD7: 3.6 | AE7: Pass | AF7: 6.8 | AG7: Pass | AH7: 3.19 | AI7: Pass | AJ7: 3.45 | AK7: Pass | AL7: 3.43 | AM7: Pass | AN7: 3.51 | AO7: Pass | AP7: 3.5 | AQ7: Pass
A8: 5 | B8: 9.8 | C8: 71.8 | D8: 9.4 | E8: 7.9 | F8: PASS | G8: 8.4 | H8: Pass | K8: 8.6 | N8: 8.2 | R8: 3.5 | S8: Pass | T8: 3.4 | U8: Pass | V8: 2.6 | W8: Pass | X8: 3.1 | Y8: Pass | Z8: 2.8 | AA8: Pass | AB8: 2.9 | AC8: Pass | AD8: 3.5 | AE8: Pass | AF8: 6.07 | AG8: Pass | AH8: 3.51 | AI8: Pass | AJ8: 3.19 | AK8: Pass | AL8: 3.25 | AM8: Pass | AN8: 3.29 | AO8: Pass | AP8: 4 | AQ8: Pass
A9: 6 | B9: 7.7 | C9: 8.2 | D9: 7.2 | E9: 8 | F9: PASS | G9: 9.7 | H9: Warning | I9: 2.5 | J9: Replaced with new one | K9: 3 | N9: 3.3 | R9: 3.5 | S9: Pass | T9: 3.2 | U9: Pass | V9: 3.3 | W9: Pass | X9: 3.1 | Y9: Pass | Z9: 7.5 | AA9: Pass | AB9: 3 | AC9: Pass | AD9: 3.2 | AE9: Pass | AG9: No Reading Came | AH9: 3.34 | AI9: Pass | AJ9: 3.31 | AK9: Pass | AL9: 3.41 | AM9: Pass | AN9: 3.48 | AO9: Pass | AP9: 2.5 | AQ9: Pass
A10: 7 | B10: 7.2 | C10: 6.8 | D10: 6.9 | E10: 7.4 | F10: PASS | G10: 10.5 | H10: Warning | I10: 2.8 | J10: Replaced with new one | K10: 2.8 | N10: 3.2 | R10: 2.8 | S10: Pass | T10: 2.9 | U10: Pass | V10: 3 | W10: Pass | X10: 3 | Y10: Pass | Z10: 2.9 | AA10: Pass | AB10: 3.2 | AC10: Pass | AD10: 2.7 | AE10: Pass | AF10: 5.25 | AG10: Pass | AH10: 2.97 | AI10: Pass | AJ10: 3.13 | AK10: Pass | AL10: 3.25 | AM10: Pass | AN10: 3.23 | AO10: Pass | AP10: 3.4 | AQ10: Pass
A11: 8 | B11: 5.8 | C11: 10 | D11: 9.6 | E11: 9.7 | F11: WARNING | G11: 2.9 | H11: Pass | K11: 3.1 | N11: 3.2 | R11: 3.9 | S11: Pass | T11: 2.6 | U11: Pass | V11: 2.6 | W11: Pass | X11: 3.4 | Y11: Pass | Z11: 3.2 | AA11: Pass | AB11: 3.2 | AC11: Pass | AD11: 3.1 | AE11: Pass | AF11: 3.09 | AG11: Pass | AH11: 3.23 | AI11: Pass | AJ11: 3.24 | AK11: Pass | AL11: 3.2 | AM11: Pass | AN11: 3.22 | AO11: Pass | AP11: 3.1 | AQ11: Pass
A12: 9 | B12: 7.5 | C12: 10.6 | D12: 8.3 | E12: 8.6 | F12: PASS | G12: 6.8 | H12: Pass | K12: 7.3 | N12: 7.9 | R12: 3.6 | S12: Pass | T12: 3.5 | U12: Pass | V12: 3.1 | W12: Pass | X12: 2.9 | Y12: Pass | Z12: 3.4 | AA12: Pass | AB12: 3.3 | AC12: Pass | AD12: 4 | AE12: Pass | AF12: 3.32 | AG12: Pass | AH12: 3.55 | AI12: Pass | AJ12: 3.28 | AK12: Pass | AL12: 3.36 | AM12: Pass | AN12: 3.4 | AO12: Pass | AP12: 2.9 | AQ12: Pass
A13: 10 | B13: 8.3 | C13: 7.9 | D13: 3.3 | E13: 3.3 | F13: PASS | G13: 8.1 | H13: Pass | K13: 7.5 | N13: 7 | R13: 3.3 | S13: Pass | T13: 3 | U13: Pass | V13: 3.2 | W13: Pass | X13: 3.3 | Y13: Pass | Z13: 3.1 | AA13: Pass | AB13: 3.2 | AC13: Pass | AD13: 3.1 | AE13: Pass | AF13: 3.11 | AG13: Pass | AH13: 3.65 | AI13: Pass | AJ13: 3.22 | AK13: Pass | AL13: 3.46 | AM13: Pass | AN13: 3.43 | AO13: Pass | AP13: 3.2 | AQ13: Pass
A14: 11 | B14: 7.3 | C14: 6.3 | D14: 3.2 | E14: 3.1 | F14: PASS | G14: 8.7 | H14: Pass | K14: 8.9 | N14: 10.2 | O14: Warning | R14: 3.4 | S14: Pass | T14: 2.8 | U14: Pass | V14: 3 | W14: Pass | X14: 2.8 | Y14: Pass | Z14: 3.2 | AA14: Pass | AB14: 3.3 | AC14: Pass | AD14: 3 | AE14: Pass | AF14: 3.08 | AG14: Pass | AH14: 3.55 | AI14: Pass | AJ14: 3.14 | AK14: Pass | AL14: 3.36 | AM14: Pass | AN14: 3.31 | AO14: Pass | AP14: 3.5 | AQ14: Pass
A15: 12 | B15: 5.7 | C15: 6.7 | D15: 3.3 | E15: 2.6 | F15: PASS | G15: 3.1 | H15: Pass | K15: 3 | N15: 3.2 | R15: 3 | S15: Pass | T15: 3.3 | U15: Pass | V15: 3 | W15: Pass | X15: 2.6 | Y15: Pass | Z15: 3.2 | AA15: Pass | AB15: 3.3 | AC15: Pass | AD15: 3.1 | AE15: Pass | AF15: 3.61 | AG15: Pass | AH15: 3.09 | AI15: Pass | AJ15: 3.15 | AK15: Pass | AL15: 3.25 | AM15: Pass | AN15: 3.44 | AO15: Pass | AP15: 3.6 | AQ15: Pass
A16: 13 | B16: 6 | C16: 6 | D16: 3 | E16: 3.2 | F16: PASS | G16: 9 | H16: Warning | J16: Replacement pending | K16: 3.7 | N16: 3.6 | R16: 3.4 | S16: Pass | T16: 3.6 | U16: Pass | V16: 2.5 | W16: Pass | X16: 2.7 | Y16: Pass | Z16: 3.1 | AA16: Pass | AB16: 3.1 | AC16: Pass | AD16: 2.4 | AE16: Pass | AF16: 3.16 | AG16: Pass | AH16: 3.66 | AI16: Pass | AJ16: 3.3 | AK16: Pass | AL16: 3.34 | AM16: Pass | AN16: 3.33 | AO16: Pass | AP16: 3.4 | AQ16: Pass
A17: 14 | B17: 8 | C17: 7 | D17: 7.8 | E17: 8.9 | F17: PASS | G17: 7.6 | H17: Pass | K17: 10.3 | L17: Replaced during Nano AHU & Chiller PM | M17: 2.1 | N17: 3.4 | R17: 3.1 | S17: Pass | T17: 3.1 | U17: Pass | V17: 2.9 | W17: Pass | X17: 3.1 | Y17: Pass | Z17: 3 | AA17: Pass | AB17: 2.9 | AC17: Pass | AD17: 2.8 | AE17: Pass | AF17: 2.79 | AG17: Pass | AH17: 2.95 | AI17: Pass | AJ17: 3.15 | AK17: Pass | AL17: 3.28 | AM17: Pass | AN17: 3.15 | AO17: Pass | AP17: 3.7 | AQ17: Pass
A18: 15 | B18: 6.3 | C18: 7.2 | D18: 6.7 | E18: 8.3 | F18: PASS | G18: 7.4 | H18: Pass | K18: 9.1 | L18: Replaced during Nano AHU & Chiller PM | M18: 2.3 | N18: 3.4 | R18: 2.7 | S18: Pass | T18: 3.5 | U18: Pass | V18: 3.1 | W18: Pass | X18: 2.8 | Y18: Pass | Z18: 3 | AA18: Pass | AB18: 3.4 | AC18: Pass | AD18: 3.2 | AE18: Pass | AF18: 2.84 | AG18: Pass | AH18: 3.35 | AI18: Pass | AJ18: 3.27 | AK18: Pass | AL18: 3.28 | AM18: Pass | AN18: 3.38 | AO18: Pass | AP18: 2.8 | AQ18: Pass
A19: 16 | B19: 6.3 | C19: 8.4 | D19: 3.3 | E19: 3.2 | F19: PASS | G19: 10.5 | H19: Warning | I19: 2.7 | J19: Replaced with new one | K19: 7.4 | N19: 7.3 | R19: 3.3 | S19: Pass | T19: 3.1 | U19: Pass | V19: 3.1 | W19: Pass | X19: 2.3 | Y19: Pass | Z19: 2.6 | AA19: Pass | AB19: 3.2 | AC19: Pass | AD19: 3.1 | AE19: Pass | AF19: 3.68 | AG19: Pass | AH19: 3.37 | AI19: Pass | AJ19: 3.44 | AK19: Pass | AL19: 3.39 | AM19: Pass | AN19: 3.44 | AO19: Pass | AP19: 3.6 | AQ19: Pass
A20: 17 | B20: 6.8 | C20: 4 | D20: 7.4 | E20: 8 | F20: PASS | G20: 9.4 | H20: Warning | J20: Replacement pending | K20: 8.1 | N20: 8.2 | R20: 2.8 | S20: Pass | T20: 3.1 | U20: Pass | V20: 3.1 | W20: Pass | X20: 3.2 | Y20: Pass | Z20: 3.2 | AA20: Pass | AB20: 3.3 | AC20: Pass | AD20: 3 | AE20: Pass | AF20: 3.57 | AG20: Pass | AH20: 3.19 | AI20: Pass | AJ20: 3.15 | AK20: Pass | AL20: 3.35 | AM20: Pass | AN20: 3.39 | AO20: Pass | AP20: 3.3 | AQ20: Pass
A21: 18 | B21: 3.7 | C21: 10.9 | D21: 9.2 | E21: 8.5 | F21: PASS | G21: 3.4 | H21: Pass | K21: 9 | N21: 3.1 | R21: 3 | S21: Pass | T21: 2.8 | U21: Pass | V21: 3.6 | W21: Pass | X21: 2.9 | Y21: Pass | Z21: 3.3 | AA21: Pass | AB21: 3.2 | AC21: Pass | AD21: 3.3 | AE21: Pass | AF21: 3.56 | AG21: Pass | AH21: 2.86 | AI21: Pass | AJ21: 3.14 | AK21: Pass | AL21: 3.34 | AM21: Pass | AN21: 3.3 | AO21: Pass | AP21: 3.9 | AQ21: Pass
A22: 19 | B22: 6.1 | C22: 6.8 | D22: 8.7 | E22: 8 | F22: PASS | G22: 2.9 | H22: Pass | K22: 9999 | N22: 3.2 | R22: 3.3 | S22: Pass | T22: 3.4 | U22: Pass | V22: 2.9 | W22: Pass | X22: 3.7 | Y22: Pass | Z22: 2.9 | AA22: Pass | AB22: 3 | AC22: Pass | AD22: 2.7 | AE22: Pass | AF22: 3.34 | AG22: Pass | AH22: 3.16 | AI22: Pass | AJ22: 3.12 | AK22: Pass | AL22: 3.23 | AM22: Pass | AN22: 3.29 | AO22: Pass | AP22: 3.7 | AQ22: Pass
A23: 20 | B23: 6.5 | C23: 9.3 | D23: 3.1 | E23: 3.2 | F23: PASS | G23: 3.2 | H23: Pass | K23: 9999 | N23: 3 | R23: 3.3 | S23: Pass | T23: 3.3 | U23: Pass | V23: 3.1 | W23: Pass | X23: 3.2 | Y23: Pass | Z23: 2.8 | AA23: Pass | AB23: 2.9 | AC23: Pass | AD23: 3.3 | AE23: Pass | AF23: 3.07 | AG23: Pass | AH23: 2.7 | AI23: Pass | AJ23: 3.16 | AK23: Pass | AL23: 3.19 | AM23: Pass | AN23: 3.37 | AO23: Pass | AP23: 3.9 | AQ23: Pass
A24: 21 | B24: 7.7 | C24: 7.3 | D24: 7.1 | E24: 3.3 | F24: PASS | G24: 2.7 | H24: Pass | K24: 13.6 | N24: 3.1 | R24: 3.8 | S24: Pass | T24: 2.9 | U24: Pass | V24: 3.4 | W24: Pass | X24: 4 | Y24: Pass | Z24: 3.7 | AA24: Pass | AB24: 3.3 | AC24: Pass | AD24: 3.2 | AE24: Pass | AF24: 2.96 | AG24: Pass | AH24: 2.97 | AI24: Pass | AJ24: 3.48 | AK24: Pass | AL24: 3.39 | AM24: Pass | AN24: 3.49 | AO24: Pass | AP24: 3.4 | AQ24: Pass
A25: 22 | B25: 6.1 | C25: 7.7 | D25: 6.7 | E25: 9.6 | F25: WARNING | G25: 9.6 | H25: Warning | I25: 2.6 | J25: Replaced with new one | K25: 18.2 | N25: 8.4 | R25: 3.3 | S25: Pass | T25: 3.1 | U25: Pass | V25: 2.6 | W25: Pass | X25: 2.8 | Y25: Pass | Z25: 3 | AA25: Pass | AB25: 3.1 | AC25: Pass | AD25: 2.4 | AE25: Pass | AF25: 3.43 | AG25: Pass | AH25: 3.42 | AI25: Pass | AJ25: 3.14 | AK25: Pass | AL25: 3.26 | AM25: Pass | AN25: 3.34 | AO25: Pass | AP25: 2.8 | AQ25: Pass
A26: 23 | B26: 6.4 | C26: 2.6 | D26: 9.6 | E26: 8.5 | F26: PASS | G26: 7.5 | H26: Pass | K26: 19.8 | N26: 3.4 | R26: 2.9 | S26: Pass | T26: 3.1 | U26: Pass | V26: 2.4 | W26: Pass | X26: 3 | Y26: Pass | Z26: 3 | AA26: Pass | AB26: 3.4 | AC26: Pass | AD26: 2.8 | AE26: Pass | AF26: 3.39 | AG26: Pass | AH26: 3.42 | AI26: Pass | AJ26: 3.21 | AK26: Pass | AL26: 3.36 | AM26: Pass | AN26: 3.44 | AO26: Pass | AP26: 3.4 | AQ26: Pass
A27: 24 | B27: 2.8 | C27: 5.8 | D27: 3.1 | E27: 6.3 | F27: PASS | G27: 8.2 | H27: Pass | K27: 2.6 | N27: 8.9 | R27: 3.5 | S27: Pass | T27: 3.4 | U27: Pass | V27: 2.9 | W27: Pass | X27: 3.1 | Y27: Pass | Z27: 3.4 | AA27: Pass | AB27: 3.5 | AC27: Pass | AD27: 2.8 | AE27: Pass | AF27: 3.5 | AG27: Pass | AH27: 4 | AI27: Pass | AJ27: 3.44 | AK27: Pass | AL27: 3.55 | AM27: Pass | AN27: 3.68 | AO27: Pass | AP27: 3.1 | AQ27: Pass
A28: 25 | B28: 5.2 | C28: 6.4 | D28: 2.9 | E28: 7.6 | F28: PASS | G28: 11.5 | H28: Warning | I28: 2.6 | J28: Replaced with new one | K28: 2.5 | N28: 10.7 | O28: Warning | R28: 3 | S28: Pass | T28: 3 | U28: Pass | V28: 2.1 | W28: Pass | X28: 2.9 | Y28: Pass | Z28: 3 | AA28: Pass | AB28: 3.4 | AC28: Pass | AD28: 2.4 | AE28: Pass | AF28: 3.18 | AG28: Pass | AH28: 3.21 | AI28: Pass | AJ28: 3.5 | AK28: Pass | AL28: 3.46 | AM28: Pass | AN28: 3.55 | AO28: Pass | AP28: 2.9 | AQ28: Pass
A29: 26 | B29: 5.5 | C29: 7.9 | D29: 8.6 | E29: 7 | F29: PASS | G29: 9.3 | H29: Warning | J29: Replacement pending | L29: Battery Reading did not come | N29: 10 | O29: Warning | R29: 2.9 | S29: Pass | T29: 3.2 | U29: Pass | V29: 3.3 | W29: Pass | X29: 3.6 | Y29: Pass | Z29: 2.9 | AA29: Pass | AB29: 3.3 | AC29: Pass | AD29: 2.5 | AE29: Pass | AF29: 3.36 | AG29: Pass | AH29: 3.05 | AI29: Pass | AJ29: 3.18 | AK29: Pass | AL29: 3.39 | AM29: Pass | AN29: 3.46 | AO29: Pass | AP29: 4.1 | AQ29: Pass
A30: 27 | B30: 6.7 | C30: 8.1 | D30: 8.3 | E30: 7.7 | F30: PASS | G30: 7 | H30: Pass | L30: Battery Reading did not come | N30: 8.4 | R30: 3 | S30: Pass | T30: 3.2 | U30: Pass | V30: 3.2 | W30: Pass | X30: 2.9 | Y30: Pass | Z30: 3 | AA30: Pass | AB30: 3.2 | AC30: Pass | AD30: 3.1 | AE30: Pass | AF30: 3.69 | AG30: Pass | AH30: 3.07 | AI30: Pass | AJ30: 3.22 | AK30: Pass | AL30: 3.33 | AM30: Pass | AN30: 3.46 | AO30: Pass | AP30: 3.4 | AQ30: Pass
A31: 28 | B31: 7 | C31: 10 | D31: 8.9 | E31: 2.5 | F31: PASS | G31: 5.8 | H31: Pass | L31: Battery Reading did not come | N31: 3.8 | R31: 3.2 | S31: Pass | T31: 3.1 | U31: Pass | V31: 3.1 | W31: Pass | X31: 2.4 | Y31: Pass | Z31: 3.1 | AA31: Pass | AB31: 3.3 | AC31: Pass | AD31: 2.8 | AE31: Pass | AF31: 3.44 | AG31: Pass | AH31: 3 | AI31: Pass | AJ31: 3.42 | AK31: Pass | AL31: 3.23 | AM31: Pass | AN31: 3.69 | AO31: Pass | AP31: 3.1 | AQ31: Pass
A32: 29 | B32: 8.4 | C32: 6.7 | D32: 8.5 | E32: 6.1 | F32: PASS | G32: 3 | H32: Pass | L32: Battery Reading did not come | N32: 3.7 | R32: 2.9 | S32: Pass | T32: 3.3 | U32: Pass | V32: 3 | W32: Pass | X32: 3.1 | Y32: Pass | Z32: 3.4 | AA32: Pass | AB32: 2.9 | AC32: Pass | AD32: 2.5 | AE32: Pass | AF32: 3.31 | AG32: Pass | AH32: 2.99 | AI32: Pass | AJ32: 3.37 | AK32: Pass | AL32: 3.49 | AM32: Pass | AN32: 3.56 | AO32: Pass | AP32: 3.5 | AQ32: Pass
A33: 30 | B33: 7.7 | C33: 8.2 | D33: 8.8 | E33: 6.6 | F33: PASS | G33: 8.5 | H33: Pass | L33: Battery Reading did not come | N33: 13.3 | O33: Fail | R33: 3 | S33: Pass | T33: 3.5 | U33: Pass | V33: 3 | W33: Pass | X33: 3 | Y33: Pass | Z33: 3.5 | AA33: Pass | AB33: 3 | AC33: Pass | AD33: 3.9 | AE33: Pass | AF33: 2.86 | AG33: Pass | AH33: 3.03 | AI33: Pass | AJ33: 3.19 | AK33: Pass | AL33: 3.28 | AM33: Pass | AN33: 3.51 | AO33: Pass | AP33: 3.6 | AQ33: Pass
A34: 31 | B34: 6.2 | C34: 2.8 | D34: 7.2 | E34: 8.7 | F34: PASS | G34: 6.8 | H34: Pass | L34: Battery Reading did not come | N34: 11.1 | O34: Warning | R34: 3.3 | S34: Pass | T34: 3.2 | U34: Pass | V34: 2.9 | W34: Pass | X34: 3.3 | Y34: Pass | Z34: 3.6 | AA34: Pass | AB34: 3.1 | AC34: Pass | AD34: 3.6 | AE34: Pass | AF34: 3.45 | AG34: Pass | AH34: 3.33 | AI34: Pass | AJ34: 3.13 | AK34: Pass | AL34: 3.3 | AM34: Pass | AN34: 3.18 | AO34: Pass | AP34: 2.9 | AQ34: Pass
A35: 32 | B35: 3 | C35: 6.1 | D35: 6.8 | E35: 9.3 | F35: WARNING | G35: 3.3 | H35: Pass | L35: Battery Reading did not come | N35: 4 | R35: 3 | S35: Pass | T35: 3.8 | U35: Pass | V35: 2.9 | W35: Pass | X35: 2.4 | Y35: Pass | Z35: 3.3 | AA35: Pass | AB35: 3.1 | AC35: Pass | AD35: 2.6 | AE35: Pass | AF35: 3.58 | AG35: Pass | AH35: 2.95 | AI35: Pass | AJ35: 3.15 | AK35: Pass | AL35: 3.33 | AM35: Pass | AN35: 3.49 | AO35: Pass | AP35: 2 | AQ35: Pass
A36: 33 | B36: 7.9 | C36: 5.5 | D36: Made one bank of only 32 good batteries | H36: Disconnected - Gone Bad Last Year | P36: 2.6 | Q36: New Battery Installation done today | R36: 3.4 | S36: Pass | T36: 3.6 | U36: Pass | V36: 3 | W36: Pass | X36: 2.2 | Y36: Pass | Z36: 3.2 | AA36: Pass | AB36: 3.4 | AC36: Pass | AD36: 2.9 | AE36: Pass | AF36: 2.6 | AG36: Pass | AH36: 3.33 | AI36: Pass | AJ36: 3.32 | AK36: Pass | AL36: 3.35 | AM36: Pass | AN36: 3.64 | AO36: Pass | AP36: 3.7 | AQ36: Pass
A37: 34 | B37: 5.3 | C37: 8 | H37: Disconnected - Gone Bad Last Year | P37: 2.7 | Q37: New Battery Installation done today | R37: 3.1 | S37: Pass | T37: 3 | U37: Pass | V37: 3.1 | W37: Pass | X37: 3.3 | Y37: Pass | Z37: 3.2 | AA37: Pass | AB37: 3.2 | AC37: Pass | AD37: 3.5 | AE37: Pass | AF37: 3.33 | AG37: Pass | AH37: 3.35 | AI37: Pass | AJ37: 3.29 | AK37: Pass | AL37: 3.39 | AM37: Pass | AN37: 3.49 | AO37: Pass | AP37: 2.8 | AQ37: Pass
A38: 35 | B38: 7.9 | C38: 7 | H38: Disconnected - Gone Bad Last Year | P38: 2.7 | Q38: New Battery Installation done today | R38: 3.6 | S38: Pass | T38: 3.4 | U38: Pass | V38: 3.4 | W38: Pass | X38: 3.2 | Y38: Pass | Z38: 3.2 | AA38: Pass | AB38: 3.6 | AC38: Pass | AD38: 3.4 | AE38: Pass | AF38: 3.28 | AG38: Pass | AH38: 3.27 | AI38: Pass | AJ38: 3.61 | AK38: Pass | AL38: 3.7 | AM38: Pass | AN38: 3.83 | AO38: Pass | AP38: 3 | AQ38: Pass
A39: 36 | B39: 6.1 | C39: 11.8 | H39: Disconnected - Gone Bad Last Year | P39: 2.6 | Q39: New Battery Installation done today | R39: 3 | S39: Pass | T39: 3.6 | U39: Pass | V39: 3.8 | W39: Pass | X39: 6 | Y39: Pass | Z39: 3.2 | AA39: Pass | AB39: 3.3 | AC39: Pass | AD39: 3.3 | AE39: Pass | AF39: 6.74 | AG39: Pass | AH39: 6.47 | AI39: Pass | AJ39: 3.44 | AK39: Pass | AL39: 3.47 | AM39: Pass | AN39: 3.64 | AO39: Pass | AP39: 3.1 | AQ39: Pass
A40: 37 | B40: 6.6 | C40: 9.4 | H40: Disconnected - Gone Bad Last Year | P40: 2.6 | Q40: New Battery Installation done today | R40: 3.6 | S40: Pass | T40: 3.2 | U40: Pass | V40: 3.7 | W40: Pass | X40: 2.4 | Y40: Pass | Z40: 2.9 | AA40: Pass | AB40: 3 | AC40: Pass | AD40: 3.5 | AE40: Pass | AF40: 4.44 | AG40: Pass | AH40: 3.48 | AI40: Pass | AJ40: 3.6 | AK40: Pass | AL40: 3.54 | AM40: Pass | AN40: 3.89 | AO40: Pass | AP40: 3.4 | AQ40: Pass
A41: 38 | B41: 8.6 | C41: 9.4 | H41: Disconnected - Gone Bad Last Year | P41: 2.6 | Q41: New Battery Installation done today | R41: 3.1 | S41: Pass | T41: 3.2 | U41: Pass | V41: 3.3 | W41: Pass | X41: 2.9 | Y41: Pass | Z41: 3.2 | AA41: Pass | AB41: 3.4 | AC41: Pass | AD41: 3.6 | AE41: Pass | AF41: 2.74 | AG41: Pass | AH41: 3.17 | AI41: Pass | AJ41: 3.22 | AK41: Pass | AL41: 3.22 | AM41: Pass | AN41: 3.45 | AO41: Pass | AP41: 3.6 | AQ41: Pass
A42: 39 | B42: 8 | C42: 8.2 | H42: Disconnected - Gone Bad Last Year | P42: 2.6 | Q42: New Battery Installation done today | R42: 2.1 | S42: Pass | T42: 3.4 | U42: Pass | V42: 3.2 | W42: Pass | X42: 3.1 | Y42: Pass | Z42: 3.2 | AA42: Pass | AB42: 3 | AC42: Pass | AD42: 2.9 | AE42: Pass | AF42: 3.46 | AG42: Pass | AH42: 3.41 | AI42: Pass | AJ42: 3.28 | AK42: Pass | AL42: 3.37 | AM42: Pass | AN42: 3.39 | AO42: Pass | AP42: 3.4 | AQ42: Pass
A43: 40 | B43: 8 | C43: 8.8 | H43: Disconnected - Gone Bad Last Year | P43: 2.5 | Q43: New Battery Installation done today | R43: 2.9 | S43: Pass | T43: 3.3 | U43: Pass | V43: 2.9 | W43: Pass | X43: 2.5 | Y43: Pass | Z43: 3.4 | AA43: Pass | AB43: 3 | AC43: Pass | AD43: 3.5 | AE43: Pass | AF43: 3.45 | AG43: Pass | AH43: 3.42 | AI43: Pass | AJ43: 3.27 | AK43: Pass | AL43: 3.47 | AM43: Pass | AN43: 3.5 | AO43: Pass | AP43: 3.6 | AQ43: Pass
A44: 41 | B44: 6.5 | C44: 8.7 | H44: Disconnected - Gone Bad Last Year | P44: 2.6 | Q44: New Battery Installation done today | R44: 2.8 | S44: Pass | T44: 3.1 | U44: Pass | V44: 3.1 | W44: Pass | X44: 2.9 | Y44: Pass | Z44: 3.4 | AA44: Pass | AB44: 3.1 | AC44: Pass | AD44: 3.2 | AE44: Pass | AF44: 3.34 | AG44: Pass | AH44: 3.47 | AI44: Pass | AJ44: 3.36 | AK44: Pass | AL44: 3.41 | AM44: Pass | AN44: 3.56 | AO44: Pass | AP44: 3.8 | AQ44: Pass
A45: 42 | B45: 7 | C45: 11.7 | H45: Disconnected - Gone Bad Last Year | P45: 2.6 | Q45: New Battery Installation done today | R45: 2.3 | S45: Pass | T45: 2.5 | U45: Pass | V45: 3.1 | W45: Pass | X45: 2.3 | Y45: Pass | Z45: 3.2 | AA45: Pass | AB45: 3.3 | AC45: Pass | AD45: 3.4 | AE45: Pass | AF45: 3.24 | AG45: Pass | AH45: 3.01 | AI45: Pass | AJ45: 3.31 | AK45: Pass | AL45: 3.45 | AM45: Pass | AN45: 3.36 | AO45: Pass | AP45: 3.8 | AQ45: Pass
A46: 43 | B46: 9.5 | C46: 2.7 | H46: Disconnected - Gone Bad Last Year | P46: 2.7 | Q46: New Battery Installation done today | R46: 2.8 | S46: Pass | T46: 2.9 | U46: Pass | V46: 2.9 | W46: Pass | X46: 2.8 | Y46: Pass | Z46: 3.1 | AA46: Pass | AB46: 3 | AC46: Pass | AD46: 2.8 | AE46: Pass | AF46: 3.26 | AG46: Pass | AH46: 2.97 | AI46: Pass | AJ46: 3.48 | AK46: Pass | AL46: 3.38 | AM46: Pass | AN46: 3.33 | AO46: Pass | AP46: 3.2 | AQ46: Pass
A47: 44 | B47: 3 | C47: 10.4 | H47: Disconnected - Gone Bad Last Year | P47: 2.6 | Q47: New Battery Installation done today | R47: 3 | S47: Pass | T47: 3.1 | U47: Pass | V47: 2.9 | W47: Pass | X47: 3.1 | Y47: Pass | Z47: 3 | AA47: Pass | AB47: 3.4 | AC47: Pass | AD47: 3.2 | AE47: Pass | AF47: 3.32 | AG47: Pass | AH47: 2.87 | AI47: Pass | AJ47: 3.5 | AK47: Pass | AL47: 3.31 | AM47: Pass | AN47: 3.54 | AO47: Pass | AP47: 3.1 | AQ47: Pass
A48: 45 | B48: 9 | C48: 9.6 | H48: Disconnected - Gone Bad Last Year | P48: 2.5 | Q48: New Battery Installation done today | R48: 2.9 | S48: Pass | T48: 3.2 | U48: Pass | V48: 3 | W48: Pass | X48: 3.1 | Y48: Pass | Z48: 3.1 | AA48: Pass | AB48: 3 | AC48: Pass | AD48: 3.5 | AE48: Pass | AF48: 2.93 | AG48: Pass | AH48: 3.56 | AI48: Pass | AJ48: 3.52 | AK48: Pass | AL48: 3.18 | AM48: Pass | AN48: 3.45 | AO48: Pass | AP48: 3.3 | AQ48: Pass
... A67: 64 | B67: 6.2 | C67: 7.4 | H67: Disconnected - Gone Bad Last Year | P67: 2.6 | Q67: New Battery Installation done today | R67: 2.6 | S67: Pass | T67: 3 | U67: Pass | V67: 3.3 | W67: Pass | X67: 3.5 | Y67: Pass | Z67: 3.3 | AA67: Pass | AB67: 3.4 | AC67: Pass | AD67: 6.1 | AE67: Pass | AF67: 3.42 | AG67: Pass | AH67: 3.74 | AI67: Pass | AJ67: 3.35 | AK67: Pass | AL67: 3.48 | AM67: Pass | AN67: 3.59 | AO67: Pass | AP67: 2.7 | AQ67: Pass
AJ69: =COUNTIF(AJ4:AJ67,"<=9") -> 64 | AK69: Pass | AL69: =COUNTIF(AL4:AL67,"<=9") -> 64 | AM69: Pass | AN69: =COUNTIF(AN4:AN67,"<=9") -> 64 | AO69: Pass | AP69: =COUNTIF(AP4:AP67,"<=9") -> 64 | AQ69: Pass
AJ70: =64-(AJ69+AJ71) -> 0 | AK70: Warning | AL70: =64-(AL69+AL71) -> 0 | AM70: Warning | AN70: =64-(AN69+AN71) -> 0 | AO70: Warning | AP70: =64-(AP69+AP71) -> 0 | AQ70: Warning
AJ71: =COUNTIF(AJ4:AJ67,">12") -> 0 | AK71: Fail | AL71: =COUNTIF(AL4:AL67,">12") -> 0 | AM71: Fail | AN71: =COUNTIF(AN4:AN67,">12") -> 0 | AO71: Fail | AP71: =COUNTIF(AP4:AP67,">12") -> 0 | AQ71: Fail
AJ72: =AJ70+AJ71 -> 0 | AK72: Non-Healthy Batteries | AL72: =AL70+AL71 -> 0 | AM72: Non-Healthy Batteries | AN72: =AN70+AN71 -> 0 | AO72: Non-Healthy Batteries | AP72: =AP70+AP71 -> 0 | AQ72: Non-Healthy Batteries

Sheet MICRO 1 & 2 
A1: Battery Spec: 12 Volts 120 AH
A2: Brand: Exide Powersafe
A3: Sr. No. | B3: 42937 | C3: 17/11/2017 | D3: 23/1/2018 | E3: Comments | F3: 43166 | G3: Comments | H3: 24/10/2018 | I3: Comments - 24/10/2018 | J3: 21/1/2019 | K3: Comments - 21/1/2019 | L3: 19/8/2019 | M3: Comments - 19/8/2019 | N3: 27/9/2019 | O3: Comments - 27/9/2019 | P3: 31/10/2019 | Q3: Comments - 31/10/2019 | R3: 26/11/2019 | S3: Comments - 26/11/2019 | T3: 44044 | U3: Comments - 8/1/2020 | V3: 14/2/2020 | W3: Comments - 14/2/2020 | X3: 44024 | Y3: Comments - 7/12/2020 | Z3: 28/1/2021 | AA3: Comments - 28/1/2021 | AB3: 29/1/2021 | AC3: 17/2/2021 | AD3: Comments - 17/2/2021 | AE3: 44442 | AF3: Comments - 9/3/2021
A4: 1 | B4: 5.8 | C4: 6.5 | D4: 6.3 | E4: PASS | F4: 7.1 | G4: Pass | H4: 8.1 | I4: Pass | J4: 8.6 | K4: Pass | L4: 6.3 | M4: Pass | N4: 8 | O4: Pass | P4: 3.6 | R4: 70.2 | S4: Fail | T4: 6.86 | U4: Pass | V4: 7.4 | W4: Pass | X4: 5.47 | Y4: Pass | AB4: Changed | AC4: 4.37 | AD4: Pass | AE4: 3.9 | AF4: Pass
A5: 2 | B5: 6.2 | C5: 5.7 | D5: 6 | E5: PASS | F5: 7.4 | G5: Pass | H5: 8.7 | I5: Pass | J5: 9.1 | K5: Warning | L5: 6.3 | M5: Pass | N5: 51.6 | O5: Fail | P5: 4.5 | R5: 3.9 | S5: Pass | T5: 5.13 | U5: Pass | V5: 9999 | W5: Fail | X5: 4.56 | Y5: Pass | AB5: Changed | AC5: 3.91 | AD5: Pass | AE5: 3.9 | AF5: Pass
A6: 3 | B6: 5.5 | C6: 5.9 | D6: 5.8 | E6: PASS | F6: 7.3 | G6: Pass | H6: 8.2 | I6: Pass | J6: 8.4 | K6: Pass | L6: 5 | M6: Pass | N6: 8.3 | O6: Pass | P6: 9.9 | Q6: Warning | R6: 53.7 | S6: Fail | T6: 16.21 | U6: Fail | V6: 26.9 | W6: Fail | X6: 4.19 | Y6: Pass | AB6: Changed | AC6: 3.88 | AD6: Pass | AE6: 3.9 | AF6: Pass
A7: 4 | B7: 6 | C7: 5.5 | D7: 6 | E7: PASS | F7: 7.2 | G7: Pass | H7: 7.9 | I7: Pass | J7: 8.5 | K7: Pass | L7: 4.4 | M7: Pass | N7: 21.2 | O7: Fail | P7: 11.6 | Q7: Warning | R7: 3.9 | S7: Pass | U7: No Reading Came | V7: 9999 | W7: Fail | X7: 5.3 | Y7: Pass | AB7: Changed | AC7: 4.04 | AD7: Pass | AE7: 3.66 | AF7: Pass
A8: 5 | B8: 5.6 | C8: 5.1 | D8: 6.3 | E8: PASS | F8: 7.2 | G8: Pass | H8: 7.9 | I8: Pass | J8: 8.2 | K8: Pass | L8: 4.1 | M8: Pass | N8: 5.4 | P8: 4 | R8: 6 | S8: Pass | T8: 7.46 | U8: Pass | V8: 5.14 | W8: Pass | X8: 4.16 | Y8: Pass | AB8: Changed | AC8: 4.23 | AD8: Pass | AE8: 4.21 | AF8: Pass
A9: 6 | B9: 6.4 | C9: 5.7 | D9: 6.3 | E9: PASS | F9: 7.9 | G9: Pass | H9: 8.9 | I9: Pass | J9: 9.6 | K9: Warning | L9: 4.5 | M9: Pass | N9: 7.8 | P9: 4.4 | R9: 4 | S9: Pass | T9: 4.1 | U9: Pass | V9: 5.21 | W9: Pass | X9: 11.63 | Y9: Warning | AB9: Changed | AC9: 4.06 | AD9: Pass | AE9: 4.32 | AF9: Pass
A10: 7 | B10: 5.4 | C10: 5.1 | D10: 5.4 | E10: PASS | F10: 6.8 | G10: Pass | H10: 7.7 | I10: Pass | J10: 7.5 | K10: Pass | L10: 3.9 | M10: Pass | N10: 5 | P10: 5.8 | R10: 3.7 | S10: Pass | T10: 3.92 | U10: Pass | V10: 4.81 | W10: Pass | X10: 5.11 | Y10: Pass | AB10: Changed | AC10: 5.64 | AD10: Pass | AE10: 5.04 | AF10: Pass
A11: 8 | B11: 6 | C11: 5.8 | D11: 6.4 | E11: PASS | F11: 8.5 | G11: Pass | H11: 9.5 | I11: Warning | J11: 10.6 | K11: Warning | L11: 5.1 | M11: Pass | N11: 4.2 | P11: 6.7 | R11: 4.1 | S11: Pass | T11: 6.09 | U11: Pass | V11: 5.97 | W11: Pass | X11: 4.09 | Y11: Pass | AB11: Changed | AC11: 4.75 | AD11: Pass | AE11: 4.8 | AF11: Pass
A12: 9 | B12: 6.1 | C12: 6.2 | D12: 6.9 | E12: PASS | F12: 8.6 | G12: Pass | H12: 9.8 | I12: Warning | J12: 10.5 | K12: Warning | L12: 4.3 | M12: Pass | N12: 4.1 | P12: 3.9 | R12: 3.6 | S12: Pass | T12: 3.93 | U12: Pass | V12: 9999 | W12: Fail | X12: 4.62 | Y12: Pass | AB12: Changed | AC12: 4.91 | AD12: Pass | AE12: 4.28 | AF12: Pass
A13: 10 | B13: 6.3 | C13: 5.6 | D13: 5.9 | E13: PASS | F13: 7.8 | G13: Pass | H13: 8.9 | I13: Pass | J13: 9.2 | K13: Warning | L13: 4.9 | M13: Pass | N13: 4.5 | P13: 3.9 | R13: 4 | S13: Pass | U13: No Reading Came | V13: 4.05 | W13: Pass | X13: 4.05 | Y13: Pass | AB13: Changed | AC13: 4.18 | AD13: Pass | AE13: 3.87 | AF13: Pass
A14: 11 | B14: 5.6 | C14: 6 | D14: 6.6 | E14: PASS | F14: 8.2 | G14: Pass | H14: 9.8 | I14: Pass | J14: 10.4 | K14: Warning | L14: 11.4 | M14: Warning | N14: 49.7 | O14: Fail | P14: 4.2 | R14: 69 | S14: Fail | U14: No Reading Came | V14: 4.16 | W14: Pass | X14: 4.17 | Y14: Pass | AB14: Changed | AC14: 4.37 | AD14: Pass | AE14: 3.88 | AF14: Pass
A15: 12 | B15: 5.8 | C15: 5.4 | D15: 5.9 | E15: PASS | F15: 7.4 | G15: Pass | H15: 7.9 | I15: Pass | J15: 8.5 | K15: Pass | L15: 5.4 | M15: Pass | N15: 5.8 | P15: 4.3 | R15: 6.8 | S15: Pass | T15: 4.21 | U15: Pass | V15: 9999 | W15: Fail | X15: 9999 | Y15: Fail | AB15: Changed | AC15: 3.97 | AD15: Pass | AE15: 3.88 | AF15: Pass
A16: 13 | B16: 5.5 | C16: 5.4 | D16: 5.7 | E16: PASS | F16: 7 | G16: Pass | H16: 7.9 | I16: Pass | J16: 8 | K16: Pass | L16: 4.4 | M16: Pass | N16: 7 | P16: 7.2 | R16: 7.7 | S16: Pass | T16: 4.04 | U16: Pass | V16: 4.09 | W16: Pass | X16: 4.79 | Y16: Pass | AB16: Changed | AC16: 4.61 | AD16: Pass | AE16: 4.29 | AF16: Pass
A17: 14 | B17: 5.6 | C17: 5 | D17: 5.7 | E17: PASS | F17: 6.7 | G17: Pass | H17: 8.8 | I17: Pass | J17: 7.4 | K17: Pass | L17: 4.9 | M17: Pass | N17: 4.1 | P17: 4.9 | R17: 3.9 | S17: Pass | T17: 4.16 | U17: Pass | V17: 3.99 | W17: Pass | X17: 28.97 | Y17: Fail | AB17: Changed | AC17: 3.93 | AD17: Pass | AE17: 3.76 | AF17: Pass
A18: 15 | B18: 5.7 | C18: 5.6 | D18: 6 | E18: PASS | F18: 7.8 | G18: Pass | H18: 7.9 | I18: Pass | J18: 9.1 | K18: Warning | L18: 5 | M18: Pass | N18: 5.7 | P18: 5.8 | R18: 5.6 | S18: Pass | T18: 3.97 | U18: Pass | V18: 9999 | W18: Fail | X18: 9.24 | Y18: Warning | AB18: Changed | AC18: 4.03 | AD18: Pass | AE18: 3.85 | AF18: Pass
A19: 16 | B19: 6.1 | C19: 5.2 | D19: 5.6 | E19: PASS | F19: 6.8 | G19: Pass | H19: 7.6 | I19: Pass | J19: 8.9 | K19: Pass | L19: 3.9 | M19: Pass | N19: 5.8 | P19: 4.9 | R19: 3.9 | S19: Pass | T19: 4.04 | U19: Pass | V19: 5.15 | W19: Pass | X19: 5.25 | Y19: Pass | AB19: Changed | AC19: 3.82 | AD19: Pass | AE19: 3.82 | AF19: Pass
A20: 17 | B20: 5.9 | C20: 5.3 | D20: 5.6 | E20: PASS | F20: 6.5 | G20: Pass | H20: 7.5 | I20: Pass | J20: 8.2 | K20: Pass | L20: 4.8 | M20: Pass | N20: 4 | P20: 6.3 | R20: 4 | S20: Pass | T20: 4.04 | U20: Pass | V20: 9999 | W20: Fail | X20: 5.55 | Y20: Pass | AB20: Changed | AC20: 3.93 | AD20: Pass | AE20: 3.93 | AF20: Pass
A21: 18 | B21: 5.9 | C21: 5.3 | D21: 5.7 | E21: PASS | F21: 6.8 | G21: Pass | H21: 9.2 | I21: Warning | J21: 7.9 | K21: Pass | L21: 4.5 | M21: Pass | N21: 3.9 | P21: 10.6 | Q21: Warning | R21: 4.1 | S21: Pass | T21: 4 | U21: Pass | V21: 9999 | W21: Fail | X21: 7.3 | Y21: Pass | AB21: Changed | AC21: 3.78 | AD21: Pass | AE21: 3.81 | AF21: Pass
A22: 19 | B22: 5.7 | C22: 5.9 | D22: 6.4 | E22: PASS | F22: 7.7 | G22: Pass | H22: 9.5 | I22: Warning | J22: 10.3 | K22: Warning | L22: 5 | M22: Pass | N22: 4 | P22: 6.1 | R22: 5.9 | S22: Pass | T22: 4.09 | U22: Pass | V22: 17.16 | W22: Fail | X22: 4.22 | Y22: Pass | AB22: Changed | AC22: 4.17 | AD22: Pass | AE22: 4.1 | AF22: Pass
A23: 20 | B23: 5.4 | C23: 5.7 | D23: 6.7 | E23: PASS | F23: 7.9 | G23: Pass | H23: 9.9 | I23: Warning | J23: 10.3 | K23: Warning | L23: 4 | M23: Pass | N23: 3.9 | P23: 6.2 | R23: 4.1 | S23: Pass | T23: 3.98 | U23: Pass | V23: 16.81 | W23: Fail | X23: 4.12 | Y23: Pass | AB23: Changed | AC23: 3.89 | AD23: Pass | AE23: 3.75 | AF23: Pass
A24: 21 | B24: 5.7 | C24: 5.9 | D24: 6.5 | E24: PASS | F24: 7.9 | G24: Pass | H24: 9.3 | I24: Warning | J24: 10 | K24: Warning | L24: 4.1 | M24: Pass | N24: 4.1 | P24: 4.8 | R24: 4.5 | S24: Pass | T24: 4.18 | U24: Pass | V24: 9999 | W24: Fail | X24: 4.16 | Y24: Pass | AB24: Changed | AC24: 3.83 | AD24: Pass | AE24: 3.86 | AF24: Pass
A25: 22 | B25: 5.7 | C25: 6.2 | D25: 6.7 | E25: PASS | F25: 8.1 | G25: Pass | H25: 9.9 | I25: Warning | J25: 10.9 | K25: Warning | L25: 4.2 | M25: Pass | N25: 4.1 | P25: 14.9 | Q25: Fail | R25: 32 | S25: Fail | T25: 4.21 | U25: Pass | V25: 5.26 | W25: Pass | X25: 4.07 | Y25: Pass | AB25: Changed | AC25: 3.83 | AD25: Pass | AE25: 3.83 | AF25: Pass
A26: 23 | B26: 5.7 | C26: 5.6 | D26: 6 | E26: PASS | F26: 7.1 | G26: Pass | H26: 8.4 | I26: Pass | J26: 9.3 | K26: Warning | L26: 4.4 | M26: Pass | N26: 4.1 | P26: 4 | R26: 4.6 | S26: Pass | T26: 4.08 | U26: Pass | V26: 21.94 | W26: Fail | X26: 9999 | Y26: Fail | AB26: Changed | AC26: 3.73 | AD26: Pass | AE26: 3.72 | AF26: Pass
A27: 24 | B27: 5.6 | C27: 5.4 | D27: 6.4 | E27: PASS | F27: 7.2 | G27: Pass | H27: 8.4 | I27: Pass | J27: 9.1 | K27: Warning | L27: 5.6 | M27: Pass | N27: 4.3 | P27: 4.3 | R27: 5.2 | S27: Pass | T27: 4.38 | U27: Pass | V27: 6.85 | W27: Pass | X27: 6.3 | Y27: Pass | AB27: Changed | AC27: 7.3 | AD27: Pass | AE27: 7.06 | AF27: Pass
A28: 25 | B28: 5.7 | C28: 6.2 | D28: 6.6 | E28: PASS | F28: 8.3 | G28: Pass | H28: 8.9 | I28: Pass | J28: 9.8 | K28: Warning | L28: 5.1 | M28: Pass | N28: 4.2 | P28: 4.3 | R28: 5.8 | S28: Pass | T28: 4.22 | U28: Pass | V28: 24.44 | W28: Fail | X28: 4.52 | Y28: Pass | AB28: Changed | AC28: 3.65 | AD28: Pass | AE28: 3.63 | AF28: Pass
A29: 26 | B29: 5.7 | C29: 5.6 | D29: 6 | E29: PASS | F29: 7.8 | G29: Pass | H29: 8.4 | I29: Pass | J29: 9.1 | K29: Warning | L29: 4.1 | M29: Pass | N29: 4 | P29: 5.4 | R29: 4 | S29: Pass | T29: 4.08 | U29: Pass | V29: 5.66 | W29: Pass | X29: 4.56 | Y29: Pass | AB29: Changed | AC29: 3.79 | AD29: Pass | AE29: 3.85 | AF29: Pass
A30: 27 | B30: 5.8 | C30: 5.7 | D30: 6.2 | E30: PASS | F30: 7.6 | G30: Pass | H30: 8.5 | I30: Pass | J30: 9 | K30: Warning | L30: 4.5 | M30: Pass | N30: 4.4 | P30: 5.8 | R30: 4 | S30: Pass | T30: 4.02 | U30: Pass | V30: 6.08 | W30: Pass | X30: 4 | Y30: Pass | AB30: Changed | AC30: 3.84 | AD30: Pass | AE30: 3.84 | AF30: Pass
A31: 28 | B31: 5.9 | C31: 6 | D31: 6.5 | E31: PASS | F31: 8.7 | G31: Pass | H31: 9.5 | I31: Warning | J31: 10.6 | K31: Warning | L31: 3.9 | M31: Pass | N31: 4 | P31: 6.6 | R31: 4 | S31: Pass | T31: 5.84 | U31: Pass | V31: 5.45 | W31: Pass | X31: 4.13 | Y31: Pass | AB31: Changed | AC31: 3.74 | AD31: Pass | AE31: 3.8 | AF31: Pass
A32: 29 | B32: 5.6 | C32: 6 | D32: 6.5 | E32: PASS | F32: 8.4 | G32: Pass | H32: 9.2 | I32: Warning | J32: 10.2 | K32: Warning | L32: 4.1 | M32: Pass | N32: 4.1 | P32: 5.3 | R32: 4.1 | S32: Pass | T32: 4.13 | U32: Pass | V32: 6.12 | W32: Pass | X32: 4.13 | Y32: Pass | AB32: Changed | AC32: 3.74 | AD32: Pass | AE32: 3.65 | AF32: Pass
A33: 30 | B33: 6 | C33: 6.7 | D33: 6.4 | E33: PASS | F33: 8.5 | G33: Pass | H33: 10 | I33: Warning | J33: 11 | K33: Warning | L33: 5 | M33: Pass | N33: 4.6 | P33: 5.1 | R33: 4.2 | S33: Pass | T33: 4.18 | U33: Pass | V33: 6.91 | W33: Pass | X33: 4.04 | Y33: Pass | AB33: Changed | AC33: 4.01 | AD33: Pass | AE33: 3.8 | AF33: Pass
A34: 31 | B34: 5.3 | C34: 6 | D34: 6.9 | E34: PASS | F34: 8.2 | G34: Pass | H34: 9.9 | I34: Warning | J34: 10.7 | K34: Warning | L34: 10.6 | M34: Warning | N34: 3.9 | P34: 4.7 | R34: 11 | S34: Warning | T34: 3.93 | U34: Pass | V34: 5.29 | W34: Pass | X34: 4.09 | Y34: Pass | AB34: Changed | AC34: 3.76 | AD34: Pass | AE34: 3.75 | AF34: Pass
A35: 32 | B35: 5.7 | C35: 5.5 | D35: 5.9 | E35: PASS | F35: 7 | G35: Pass | H35: 8.4 | I35: Pass | J35: 8.6 | K35: Pass | L35: 5.4 | M35: Pass | N35: 3.9 | P35: 8.6 | R35: 3.9 | S35: Pass | T35: 4.02 | U35: Pass | V35: 9999 | W35: Fail | X35: 4.41 | Y35: Pass | AB35: Changed | AC35: 4.34 | AD35: Pass | AE35: 3.75 | AF35: Pass
A36: 33 | B36: 5.4 | C36: 7 | D36: 7.9 | E36: PASS | F36: 9.8 | G36: Warning | H36: 12 | I36: Failed | J36: 12.8 | K36: Failed | L36: 5 | M36: Pass | N36: 4 | P36: 4.1 | R36: 4.4 | S36: Pass | T36: 4.1 | U36: Pass | V36: 9999 | W36: Fail | X36: 4.29 | Y36: Pass | AB36: Changed | AC36: 4 | AD36: Pass | AE36: 3.65 | AF36: Pass
A37: 34 | B37: 5.8 | C37: 5.4 | D37: 5.9 | E37: PASS | F37: 6.9 | G37: Pass | H37: 8.4 | I37: Pass | J37: 8.4 | K37: Pass | L37: 5 | M37: Pass | N37: 4.1 | P37: 4.9 | R37: 18.8 | S37: Fail | T37: 4.18 | U37: Pass | V37: 5.2 | W37: Pass | X37: 7.67 | Y37: Pass | AB37: Changed | AC37: 4.11 | AD37: Pass | AE37: 3.99 | AF37: Pass
... A54: 51 | B54: 5.5 | C54: 6.3 | D54: 7.1 | E54: PASS | F54: 9.2 | G54: Warning | H54: 11 | I54: Warning | J54: 12.4 | K54: Failed | L54: 5.7 | M54: Pass | N54: 6.5 | P54: 4 | R54: 4.1 | S54: Pass | T54: 4.1 | U54: Pass | V54: 12.24 | W54: Fail | X54: 4.25 | Y54: Pass | AB54: Changed | AC54: 4.07 | AD54: Pass | AE54: 3.6 | AF54: Pass
A55: 52 | B55: 5.8 | C55: 5.7 | D55: 6.3 | E55: PASS | F55: 8 | G55: Pass | H55: 9.6 | I55: Warning | J55: 10.1 | K55: Warning | L55: 5.7 | M55: Pass | N55: 7.3 | P55: 4.4 | R55: 4 | S55: Pass | U55: No Reading Came | V55: 9999 | W55: Fail | X55: 4.16 | Y55: Pass | AB55: Changed | AC55: 4.99 | AD55: Pass | AE55: 3.93 | AF55: Pass
A56: 53 | B56: 5.5 | C56: 6 | D56: 6.6 | E56: PASS | F56: 8.4 | G56: Pass | H56: 10.1 | I56: Warning | J56: 10.7 | K56: Warning | L56: 4 | M56: Pass | N56: 4 | P56: 4.3 | R56: 4 | S56: Pass | T56: 4.08 | U56: Pass | V56: 5.58 | W56: Pass | X56: 6.27 | Y56: Pass | AB56: Changed | AC56: 5.44 | AD56: Pass | AE56: 3.99 | AF56: Pass
A57: 54 | B57: 5.6 | C57: 5.4 | D57: 5.9 | E57: PASS | F57: 7 | G57: Pass | H57: 8.3 | I57: Pass | J57: 9.2 | K57: Warning | L57: 4 | M57: Pass | N57: 4 | P57: 4.5 | R57: 4.1 | S57: Pass | T57: 4.14 | U57: Pass | V57: 8.27 | W57: Pass | X57: 5.27 | Y57: Pass | AB57: Changed | AC57: 5.11 | AD57: Pass | AE57: 3.96 | AF57: Pass
A58: 55 | B58: 5.9 | C58: 6 | D58: 6.7 | E58: PASS | F58: 8.7 | G58: Pass | H58: OFF | I58: Failed | J58: 9999 | K58: Failed | L58: 5.3 | M58: Pass | N58: 4 | P58: 4.2 | R58: 4.2 | S58: Pass | T58: 4.11 | U58: Pass | V58: 21.22 | W58: Fail | X58: 5.43 | Y58: Pass | AB58: Changed | AC58: 4.62 | AD58: Pass | AE58: 3.98 | AF58: Pass
A59: 56 | B59: 5.3 | C59: 6.1 | D59: 6.7 | E59: PASS | F59: 8.3 | G59: Pass | H59: 9.2 | I59: Warning | J59: 10.5 | K59: Warning | L59: 6.3 | M59: Pass | N59: 7.2 | P59: 4 | R59: 19.1 | S59: Fail | T59: 4.18 | U59: Pass | V59: 9999 | W59: Fail | X59: 4.04 | Y59: Pass | AB59: Changed | AC59: 4.32 | AD59: Pass | AE59: 4.01 | AF59: Pass
A60: 57 | B60: 5.4 | C60: 6.3 | D60: 7 | E60: PASS | F60: 8.4 | G60: Pass | H60: 10 | I60: Warning | J60: 11.4 | K60: Warning | L60: 7.3 | M60: Pass | N60: 3.9 | P60: 4.2 | R60: 7.3 | S60: Pass | T60: 4.38 | U60: Pass | V60: 9999 | W60: Fail | X60: 9999 | Y60: Fail | AB60: Changed | AC60: 4.23 | AD60: Pass | AE60: 3.75 | AF60: Pass
A61: 58 | B61: 5.9 | C61: 6.1 | D61: 6.7 | E61: PASS | F61: 8.5 | G61: Pass | H61: 9.7 | I61: Warning | J61: 11.5 | K61: Warning | L61: 4.9 | M61: Pass | N61: 3.9 | P61: 4.2 | R61: 11.9 | S61: Warning | T61: 4.07 | U61: Pass | V61: 5.79 | W61: Pass | X61: 5.29 | Y61: Pass | AC61: 3.88 | AD61: Pass | AE61: 3.63 | AF61: Pass
A62: 59 | B62: 5.3 | C62: 5.9 | D62: 6.6 | E62: PASS | F62: 8.4 | G62: Pass | H62: 10.7 | I62: Warning | J62: 10.4 | K62: Warning | L62: 4.9 | M62: Pass | N62: 5.3 | P62: 4 | R62: 83 | S62: Fail | T62: 4 | U62: Pass | V62: 6.65 | W62: Pass | X62: 4.14 | Y62: Pass | AC62: 3.79 | AD62: Pass | AE62: 3.7 | AF62: Pass
A63: 60 | B63: 5.6 | C63: 5.7 | D63: 6.4 | E63: PASS | F63: 8.5 | G63: Pass | H63: 10.8 | I63: Warning | J63: 9.6 | K63: Warning | L63: 6.2 | M63: Pass | N63: 7.2 | P63: 3.7 | R63: 20.4 | S63: Fail | T63: 4.03 | U63: Pass | V63: 9999 | W63: Fail | X63: 4.19 | Y63: Pass | AC63: 5.26 | AD63: Pass | AE63: 3.77 | AF63: Pass
A64: 61 | B64: 5.6 | C64: 5.4 | D64: 6.1 | E64: PASS | F64: 7.5 | G64: Pass | H64: 10 | I64: Warning | J64: 8.6 | K64: Pass | L64: 4.7 | M64: Pass | N64: 4 | P64: 4.7 | R64: 4.1 | S64: Pass | T64: 4.03 | U64: Pass | V64: 5.19 | W64: Pass | X64: 28.12 | Y64: Fail | AC64: 5.79 | AD64: Pass | AE64: 4.09 | AF64: Pass
A65: 62 | B65: 5.2 | C65: 5.9 | D65: 6.4 | E65: PASS | F65: 8.1 | G65: Pass | H65: 8.3 | I65: Pass | J65: 9.5 | K65: Warning | L65: 5.1 | M65: Pass | N65: 4 | P65: 4.4 | R65: 3.9 | S65: Pass | T65: 4.42 | U65: Pass | V65: 5.61 | W65: Pass | X65: 4.3 | Y65: Pass | AC65: 4.41 | AD65: Pass | AE65: 4.52 | AF65: Pass
A66: 63 | B66: 5.7 | C66: 5.4 | D66: 6.1 | E66: PASS | F66: 7.4 | G66: Pass | H66: 8.5 | I66: Pass | J66: 8.7 | K66: Pass | L66: 4.3 | M66: Pass | N66: 3.9 | P66: 4 | R66: 3.9 | S66: Pass | T66: 5.65 | U66: Pass | V66: 5.74 | W66: Pass | X66: 4.02 | Y66: Pass | AC66: 4.27 | AD66: Pass | AE66: 4.22 | AF66: Pass
A67: 64 | B67: 5.1 | C67: 5.8 | D67: 6.4 | E67: PASS | F67: 8.2 | G67: Pass | H67: 8.4 | I67: Pass | J67: 9.6 | K67: Warning | L67: 4.8 | M67: Pass | N67: 3.9 | P67: 4.1 | R67: 3.9 | S67: Pass | T67: 5.33 | U67: Pass | V67: 5.17 | W67: Pass | X67: 17.72 | Y67: Fail | AC67: 4.18 | AD67: Pass | AE67: 4.17 | AF67: Pass
A68: 65 | B68: 5 | C68: 5.4 | D68: 5.9 | E68: PASS | F68: 7.3 | G68: Pass | H68: 9.1 | I68: Warning | J68: 8.7 | K68: Pass | L68: 4 | M68: Pass | N68: 3.9 | P68: 4.3 | R68: 3.8 | S68: Pass | U68: No Reading Came | V68: 9999 | W68: Fail | X68: 5.08 | Y68: Pass | AC68: 4.21 | AD68: Pass | AE68: 4.17 | AF68: Pass
A69: 66 | B69: 5.5 | C69: 7 | D69: 7.5 | E69: PASS | F69: 9.7 | G69: Warning | H69: 8.3 | I69: Pass | J69: 12.8 | K69: Failed | L69: 8.3 | M69: Pass | N69: 3.9 | P69: 7.4 | R69: 3.8 | S69: Pass | T69: 3.96 | U69: Pass | V69: 9999 | W69: Fail | X69: 7.18 | Y69: Pass | AC69: 4.91 | AD69: Pass | AE69: 4.08 | AF69: Pass
A70: 67 | B70: 6.1 | C70: 5.2 | D70: 5.9 | E70: PASS | F70: 7.5 | G70: Pass | H70: 11.3 | I70: Warning | J70: 8.4 | K70: Pass | L70: 6.8 | M70: Pass | N70: 7.8 | P70: 4.3 | R70: 4.5 | S70: Pass | T70: 4.09 | U70: Pass | V70: 7.4 | W70: Pass | X70: 5.21 | Y70: Pass | AC70: 4.43 | AD70: Pass | AE70: 4.16 | AF70: Pass
A71: 68 | B71: 5.6 | C71: 6.3 | D71: 7.1 | E71: PASS | F71: 9.6 | G71: Warning | H71: 8.2 | I71: Pass | J71: 11.1 | K71: Warning | L71: 4.2 | M71: Pass | N71: 4 | P71: 4.1 | R71: 5.3 | S71: Pass | T71: 4.17 | U71: Pass | V71: 5.46 | W71: Pass | X71: 4.38 | Y71: Pass | AC71: 4.38 | AD71: Pass | AE71: 4.16 | AF71: Pass
A72: 69 | B72: 5.1 | C72: 6.6 | D72: 6.8 | E72: PASS | F72: 8.8 | G72: Pass | H72: 9.9 | I72: Warning | J72: 10.4 | K72: Warning | L72: 4.3 | M72: Pass | N72: 3.9 | P72: 3.9 | R72: 3.8 | S72: Pass | T72: 4.05 | U72: Pass | V72: 4.12 | W72: Pass | X72: 24.54 | Y72: Fail | AC72: 4.46 | AD72: Pass | AE72: 4.38 | AF72: Pass
A73: 70 | B73: 5.5 | C73: 6.8 | D73: 7 | E73: PASS | F73: 9.3 | G73: Warning | H73: 9.7 | I73: Warning | J73: 10.4 | K73: Warning | L73: 5 | M73: Pass | N73: 3.9 | P73: 3.4 | R73: 3.7 | S73: Pass | T73: 4.08 | U73: Pass | V73: 5.99 | W73: Pass | X73: 9999 | Y73: Fail | AC73: 4.02 | AD73: Pass | AE73: 4.07 | AF73: Pass
A74: 71 | B74: 5.5 | C74: 5.6 | D74: 6.1 | E74: PASS | F74: 7.7 | G74: Pass | H74: 9.7 | I74: Warning | J74: 9.2 | K74: Warning | L74: 6.1 | M74: Pass | N74: 3.9 | P74: 3.9 | R74: 3.8 | S74: Pass | T74: 4.07 | U74: Pass | V74: 9999 | W74: Fail | X74: 9999 | Y74: Fail | AC74: 4.13 | AD74: Pass | AE74: 4.12 | AF74: Pass
A75: 72 | B75: 4.9 | C75: 5.6 | D75: 6.4 | E75: PASS | F75: 9.1 | G75: Warning | H75: 7.6 | I75: Pass | J75: 11 | K75: Warning | L75: 20 | M75: Fail | N75: 4 | P75: 7.7 | R75: 17.5 | S75: Fail | T75: 4.1 | U75: Pass | V75: 9999 | W75: Fail | X75: 4.24 | Y75: Pass | AC75: 6.99 | AD75: Pass | AE75: 7.07 | AF75: Pass
A76: 73 | B76: 5.1 | C76: 5.8 | D76: 6 | E76: PASS | F76: 7.8 | G76: Pass | H76: 9.7 | I76: Warning | J76: 9.3 | K76: Warning | L76: 3.9 | M76: Pass | N76: 4 | P76: 4.9 | R76: 4.3 | S76: Pass | T76: 4.01 | U76: Pass | V76: 5.03 | W76: Pass | X76: 9.95 | Y76: Warning | AC76: 4.27 | AD76: Pass | AE76: 4.2 | AF76: Pass
A77: 74 | B77: 5.9 | C77: 5.3 | D77: 5.8 | E77: PASS | F77: 7.4 | G77: Pass | H77: 9.4 | I77: Warning | J77: 9 | K77: Warning | L77: 10.2 | M77: Warning | N77: 3.9 | P77: 9.9 | Q77: Warning | R77: 3.9 | S77: Pass | T77: 4.03 | U77: Pass | V77: 9999 | W77: Fail | X77: 5.54 | Y77: Pass | AC77: 4.79 | AD77: Pass | AE77: 4.02 | AF77: Pass
A78: 75 | B78: 5.5 | C78: 5.4 | D78: 5.7 | E78: PASS | F78: 7.5 | G78: Pass | H78: 10.3 | I78: Warning | J78: 8.1 | K78: Pass | L78: 7.5 | M78: Pass | N78: 4.3 | P78: 8.5 | R78: 4.1 | S78: Pass | T78: 4.05 | U78: Pass | V78: 4.62 | W78: Pass | X78: 9999 | Y78: Fail | AC78: 4.11 | AD78: Pass | AE78: 4.1 | AF78: Pass
A79: 76 | B79: 5.2 | C79: 6 | D79: 6.5 | E79: PASS | F79: 7.8 | G79: Pass | H79: 9.8 | I79: Warning | J79: 10.3 | K79: Warning | L79: 4.6 | M79: Pass | N79: 4.1 | P79: 4.8 | R79: 4.1 | S79: Pass | T79: 4.05 | U79: Pass | V79: 4.81 | W79: Pass | X79: 4.49 | Y79: Pass | AC79: 4.17 | AD79: Pass | AE79: 4.03 | AF79: Pass
A80: 77 | B80: 5.4 | C80: 6 | D80: 6.8 | E80: PASS | F80: 9.2 | G80: Warning | H80: 9.5 | I80: Warning | J80: 11.5 | K80: Warning | L80: 5 | M80: Pass | N80: 5.1 | P80: 4.5 | R80: 3.9 | S80: Pass | T80: 3.96 | U80: Pass | V80: 5.24 | W80: Pass | X80: 4.07 | Y80: Pass | AC80: 4.07 | AD80: Pass | AE80: 4.15 | AF80: Pass
A81: 78 | B81: 5.3 | C81: 5.7 | D81: 6.5 | E81: PASS | F81: 8.2 | G81: Pass | H81: 7.6 | I81: Pass | J81: 9.9 | K81: Warning | L81: 5.9 | M81: Pass | N81: 6.2 | P81: 5.8 | R81: 3.9 | S81: Pass | T81: 4.03 | U81: Pass | V81: 5.49 | W81: Pass | X81: 4.11 | Y81: Pass | AC81: 4.11 | AD81: Pass | AE81: 4.1 | AF81: Pass
A82: 79 | B82: 5.3 | C82: 5.8 | D82: 6.5 | E82: PASS | F82: 8.8 | G82: Pass | H82: 8.2 | I82: Pass | J82: 10.3 | K82: Warning | L82: 4.2 | M82: Pass | N82: 28.4 | O82: Fail | P82: 7.5 | R82: 4 | S82: Pass | T82: 4.05 | U82: Pass | V82: 9999 | W82: Fail | X82: 9999 | Y82: Fail | AC82: 4.09 | AD82: Pass | AE82: 4.13 | AF82: Pass
A83: 80 | B83: 5 | C83: 5.2 | D83: 5.6 | E83: PASS | F83: 7.6 | G83: Pass | H83: 8.6 | I83: Pass | J83: 8.3 | K83: Pass | L83: 5.3 | M83: Pass | N83: 5.4 | P83: 4 | R83: 3.9 | S83: Pass | T83: 3.95 | U83: Pass | V83: 6.16 | W83: Pass | X83: 4.18 | Y83: Pass | AC83: 4.17 | AD83: Pass | AE83: 4.03 | AF83: Pass
A84: 81 | B84: 6.1 | C84: 5.6 | D84: 6.3 | E84: PASS | F84: 8.6 | G84: Pass | H84: 10 | I84: Warning | J84: 10.4 | K84: Warning | L84: 4 | M84: Pass | N84: 6.5 | P84: 4 | R84: 3.9 | S84: Pass | T84: 3.95 | U84: Pass | V84: 9999 | W84: Fail | X84: 4.18 | Y84: Pass | AC84: 4.06 | AD84: Pass | AE84: 4.17 | AF84: Pass
A85: 82 | B85: 5.5 | C85: 5.5 | D85: 6 | E85: PASS | F85: 8.3 | G85: Pass | H85: 8.5 | I85: Pass | J85: 9.9 | K85: Warning | L85: 3.9 | M85: Pass | N85: 5.2 | P85: 4.1 | R85: 4.1 | S85: Pass | T85: 3.98 | U85: Pass | V85: 5.87 | W85: Pass | X85: 4.17 | Y85: Pass | AC85: 9999 | AD85: Fail | AE85: 4.03 | AF85: Pass
A86: 83 | B86: 5.2 | C86: 5.7 | D86: 6.3 | E86: PASS | F86: 8.6 | G86: Pass | H86: 9.2 | I86: Warning | J86: 10.7 | K86: Warning | L86: 4.4 | M86: Pass | N86: 4.5 | P86: 4.7 | R86: 4.2 | S86: Pass | T86: 4.2 | U86: Pass | V86: 9999 | W86: Fail | X86: 4.06 | Y86: Pass | AC86: 4.28 | AD86: Pass | AE86: 9999 | AF86: Fail
A87: 84 | B87: 5.8 | C87: 5.1 | D87: 5.5 | E87: PASS | F87: 7.8 | G87: Pass | H87: 8.5 | I87: Pass | J87: 8.2 | K87: Pass | L87: 4.9 | M87: Pass | N87: 6.7 | P87: 6 | R87: 5 | S87: Pass | T87: 4.9 | U87: Pass | V87: 6.49 | W87: Pass | X87: 4.29 | Y87: Pass | AC87: 4.14 | AD87: Pass | AE87: 4.34 | AF87: Pass
A88: 85 | B88: 5.3 | C88: 5.5 | D88: 6 | E88: PASS | F88: 7.9 | G88: Pass | H88: 9.5 | I88: Warning | J88: 9.3 | K88: Warning | L88: 4.1 | M88: Pass | N88: 5.1 | P88: 5.3 | R88: 4 | S88: Pass | T88: 4.04 | U88: Pass | V88: 5.65 | W88: Pass | X88: 6.84 | Y88: Pass | AC88: 5.8 | AD88: Pass | AE88: 4.2 | AF88: Pass
A89: 86 | B89: 5.6 | C89: 5.6 | D89: 6.1 | E89: PASS | F89: 8.2 | G89: Pass | H89: 7.2 | I89: Pass | J89: 9.7 | K89: Warning | L89: 4.2 | M89: Pass | N89: 4.3 | P89: 4.9 | R89: 4.2 | S89: Pass | T89: 4.48 | U89: Pass | V89: 5.31 | W89: Pass | X89: 5.86 | Y89: Pass | AC89: 4.09 | AD89: Pass | AE89: 4.28 | AF89: Pass
A90: 87 | B90: 5.6 | C90: 5.8 | D90: 6.5 | E90: PASS | F90: 9.1 | G90: Warning | H90: 8.1 | I90: Pass | J90: 10.8 | K90: Warning | L90: 4.5 | M90: Pass | N90: 4.1 | P90: 4.9 | R90: 4.4 | S90: Pass | T90: 4.38 | U90: Pass | V90: 4.54 | W90: Pass | X90: 7.7 | Y90: Pass | AC90: 4.12 | AD90: Pass | AE90: 4.11 | AF90: Pass
A91: 88 | B91: 5.5 | C91: 5.7 | D91: 6.3 | E91: PASS | F91: 9.1 | G91: Warning | H91: 9 | I91: Warning | J91: 10 | K91: Warning | L91: 4.7 | M91: Pass | N91: 4.1 | P91: 5.2 | R91: 4 | S91: Pass | T91: 5.11 | U91: Pass | V91: 5.21 | W91: Pass | X91: 8.73 | Y91: Pass | AC91: 4.13 | AD91: Pass | AE91: 4.06 | AF91: Pass
A92: 89 | B92: 5.4 | C92: 5.4 | D92: 5.9 | E92: PASS | F92: 7.7 | G92: Pass | H92: 9.6 | I92: Warning | J92: 9.1 | K92: Warning | L92: 4.8 | M92: Pass | N92: 4 | P92: 4.9 | R92: 4 | S92: Pass | T92: 5.04 | U92: Pass | V92: 9999 | W92: Fail | X92: 4.55 | Y92: Pass | AC92: 4.08 | AD92: Pass | AE92: 17.36 | AF92: Fail
A93: 90 | B93: 5.4 | C93: 6 | D93: 6.5 | E93: PASS | F93: 9.5 | G93: Warning | H93: 9.1 | I93: Warning | J93: 10.5 | K93: Warning | L93: 4.6 | M93: Pass | N93: 4 | P93: 4.2 | R93: 3.9 | S93: Pass | T93: 4.01 | U93: Pass | V93: 4.79 | W93: Pass | X93: 9999 | Y93: Fail | AC93: 4.13 | AD93: Pass | AE93: 3.99 | AF93: Pass
A94: 91 | B94: 5.5 | C94: 5.1 | D94: 5.5 | E94: PASS | F94: 7.2 | G94: Pass | H94: 8.1 | I94: Pass | J94: 8.4 | K94: Pass | L94: 4.9 | M94: Pass | N94: 3.9 | P94: 4.1 | R94: 3.8 | S94: Pass | T94: 3.97 | U94: Pass | V94: 5.88 | W94: Pass | X94: 16.35 | Y94: Fail | AC94: 4.37 | AD94: Pass | AE94: 4.29 | AF94: Pass
... A98: 95 | B98: 5.6 | C98: 6.2 | D98: 6.2 | E98: PASS | F98: 7.5 | G98: Pass | H98: 8.3 | I98: Pass | J98: 9.5 | K98: Warning | L98: 5.6 | M98: Pass | N98: 4.1 | P98: 5.5 | R98: 3.9 | S98: Pass | T98: 3.91 | U98: Pass | V98: 5.91 | W98: Pass | X98: 4.16 | Y98: Pass | AC98: 4.21 | AD98: Pass | AE98: 7.6 | AF98: Pass
A99: 96 | B99: 5.2 | C99: 6.5 | D99: 6.2 | E99: PASS | F99: 9 | G99: Warning | H99: 9.2 | I99: Warning | J99: 11.1 | K99: Warning | L99: 5.2 | M99: Pass | N99: 6.8 | P99: 12.5 | Q99: Fail | R99: 3.9 | S99: Pass | T99: 4.14 | U99: Pass | V99: 9999 | W99: Fail | X99: 4.3 | Y99: Pass | AC99: 5.23 | AD99: Pass | AE99: 4.19 | AF99: Pass
A100: 97 | B100: 5.9 | C100: 6.4 | D100: 6.8 | E100: PASS | F100: 9.4 | G100: Warning | H100: 10.5 | I100: Warning | J100: 9.9 | K100: Warning | L100: 6.6 | M100: Pass | N100: 4.1 | P100: 19.3 | Q100: Fail | R100: 4 | S100: Pass | T100: 4.23 | U100: Pass | V100: 30.46 | W100: Fail | X100: 4.09 | Y100: Pass | AC100: 5.44 | AD100: Pass | AE100: 28.17 | AF100: Fail
A101: 98 | B101: 5.5 | C101: 5.6 | D101: 6.4 | E101: PASS | F101: 8.3 | G101: Pass | H101: 9.1 | I101: Warning | J101: 9.1 | K101: Warning | L101: 8.7 | M101: Pass | N101: 4 | P101: 6.4 | R101: 4 | S101: Pass | T101: 4.18 | U101: Pass | V101: 25.17 | W101: Fail | X101: 4.13 | Y101: Pass | AC101: 4.16 | AD101: Pass | AE101: 4.23 | AF101: Pass
A102: 99 | B102: 5.4 | C102: 5.7 | D102: 5.9 | E102: PASS | F102: 7.9 | G102: Pass | H102: 8.6 | I102: Pass | J102: 8.1 | K102: Pass | L102: 5.7 | M102: Pass | N102: 4.1 | P102: 4 | R102: 3.9 | S102: Pass | T102: 4.07 | U102: Pass | V102: 5.2 | W102: Pass | X102: 4.19 | Y102: Pass | AC102: 4.2 | AD102: Pass | AE102: 4.25 | AF102: Pass
A103: 100 | B103: 5.2 | C103: 5.8 | D103: 5.7 | E103: PASS | F103: 8.6 | G103: Pass | H103: 7 | I103: Pass | J103: 9.3 | K103: Warning | L103: 5.5 | M103: Pass | N103: 4.1 | P103: 4.1 | R103: 3.9 | S103: Pass | T103: 4.13 | U103: Pass | V103: 6 | W103: Pass | X103: 4.16 | Y103: Pass | AC103: 5.61 | AD103: Pass | AE103: 4.02 | AF103: Pass
A104: 101 | B104: 5.5 | C104: 5.5 | D104: 6.3 | E104: PASS | F104: 7.4 | G104: Pass | H104: 7.8 | I104: Pass | J104: 7.8 | K104: Pass | L104: 4.8 | M104: Pass | N104: 3.8 | P104: 5.4 | R104: 3.8 | S104: Pass | T104: 4.04 | U104: Pass | V104: 6.38 | W104: Pass | X104: 4.15 | Y104: Pass | AC104: 4.04 | AD104: Pass | AE104: 4 | AF104: Pass
A105: 102 | B105: 5 | C105: 5.7 | D105: 5.5 | E105: PASS | F105: 8 | G105: Pass | H105: 7.8 | I105: Pass | J105: 8.7 | K105: Pass | L105: 4.7 | M105: Pass | N105: 62.5 | O105: Fail | P105: 8.4 | R105: 3.8 | S105: Pass | T105: 9999 | U105: Fail | V105: 9999 | W105: Fail | X105: 4.24 | Y105: Pass | AC105: 4.3 | AD105: Pass | AE105: 4.17 | AF105: Pass
A106: 103 | B106: 5.4 | C106: 5.7 | D106: 5.8 | E106: PASS | F106: 8.1 | G106: Pass | H106: 7.4 | I106: Pass | J106: 9 | K106: Warning | L106: 8.4 | M106: Pass | N106: 93.9 | O106: Fail | P106: 14.4 | Q106: Fail | R106: 3.9 | S106: Pass | T106: 3.96 | U106: Pass | V106: 9999 | W106: Fail | X106: 4.12 | Y106: Pass | AC106: 6.02 | AD106: Pass | AE106: 5.61 | AF106: Pass
A107: 104 | B107: 4.9 | C107: 6 | D107: 6 | E107: PASS | F107: 8.5 | G107: Pass | H107: 8.2 | I107: Pass | J107: 9.5 | K107: Warning | L107: 5.9 | M107: Pass | N107: 37.8 | O107: Fail | P107: 3.8 | R107: 5 | S107: Pass | T107: 4.01 | U107: Pass | V107: 16.22 | W107: Fail | X107: 4.19 | Y107: Pass | AC107: 4.85 | AD107: Pass | AE107: 4.31 | AF107: Pass
A108: 105 | B108: 5.9 | C108: 6.3 | D108: 6.3 | E108: PASS | F108: 8.4 | G108: Pass | H108: 8.6 | I108: Pass | J108: 10.8 | K108: Warning | L108: 3.9 | M108: Pass | N108: 4.7 | P108: 4.1 | R108: 3.7 | S108: Pass | U108: No Reading Came | V108: 4.54 | W108: Pass | X108: 9999 | Y108: Fail | AC108: 5.59 | AD108: Pass | AE108: 4.25 | AF108: Pass
A109: 106 | B109: 5 | C109: 5.8 | D109: 6.5 | E109: PASS | F109: 7.2 | G109: Pass | H109: 9.4 | I109: Warning | J109: 8.5 | K109: Pass | L109: 4.6 | M109: Pass | N109: 4.4 | P109: 4.1 | R109: 3.9 | S109: Pass | T109: 16.91 | U109: Fail | V109: 5.5 | W109: Pass | X109: 6.3 | Y109: Pass | AC109: 5.36 | AD109: Pass | AE109: 4.03 | AF109: Pass
A110: 107 | B110: 5.6 | C110: 5.8 | D110: 5.9 | E110: PASS | F110: 7.7 | G110: Pass | H110: 9.8 | I110: Warning | J110: 9.2 | K110: Warning | L110: 5.4 | M110: Pass | N110: 4.5 | P110: 4.3 | R110: 7.2 | S110: Pass | T110: 3.95 | U110: Pass | V110: 9999 | W110: Fail | X110: 4.78 | Y110: Pass | AC110: 5.31 | AD110: Pass | AE110: 4.21 | AF110: Pass
A111: 108 | B111: 5.2 | C111: 5.7 | D111: 6.1 | E111: PASS | F111: 7.7 | G111: Pass | H111: 8.2 | I111: Pass | J111: 9.5 | K111: Warning | L111: 4.6 | M111: Pass | N111: 5.9 | P111: 3.8 | R111: 5.6 | S111: Pass | T111: 4.19 | U111: Pass | V111: 4.51 | W111: Pass | X111: 9999 | Y111: Fail | AC111: 4.16 | AD111: Pass | AE111: 4.22 | AF111: Pass
A112: 109 | B112: 5.4 | C112: 5 | D112: 6.1 | E112: PASS | F112: 7.2 | G112: Pass | H112: 8.3 | I112: Pass | J112: 7.5 | K112: Pass | L112: 4 | M112: Pass | N112: 5.4 | P112: 6 | R112: 4 | S112: Pass | T112: 4.1 | U112: Pass | V112: 6.25 | W112: Pass | X112: 9999 | Y112: Fail | AC112: 4.29 | AD112: Pass | AE112: 4.06 | AF112: Pass
A113: 110 | B113: 5.4 | C113: 6.3 | D113: 5.5 | E113: PASS | F113: 9.8 | G113: Warning | H113: 8.5 | I113: Pass | J113: 11.6 | K113: Warning | L113: 4.2 | M113: Pass | N113: 4.3 | P113: 5.4 | R113: 4 | S113: Pass | T113: 5.81 | U113: Pass | V113: 6.44 | W113: Pass | X113: 7.27 | Y113: Pass | AC113: 5.33 | AD113: Pass | AE113: 4.21 | AF113: Pass
A114: 111 | B114: 5.6 | C114: 5.2 | D114: 7 | E114: PASS | F114: 7.1 | G114: Pass | H114: 7.5 | I114: Pass | J114: 8.7 | K114: Pass | L114: 5.3 | M114: Pass | N114: 3.9 | P114: 4.2 | R114: 4.1 | S114: Pass | T114: 4.07 | U114: Pass | V114: 5.45 | W114: Pass | X114: 9999 | Y114: Fail | AC114: 4.18 | AD114: Pass | AE114: 4.27 | AF114: Pass
A115: 112 | B115: 5.2 | C115: 5.7 | D115: 5.7 | E115: PASS | F115: 7.9 | G115: Pass | H115: 11 | I115: Warning | J115: 9.5 | K115: Warning | L115: 5.6 | M115: Pass | N115: 4.9 | P115: 4 | R115: 4.1 | S115: Pass | T115: 3.97 | U115: Pass | V115: 5.48 | W115: Pass | X115: 14 | Y115: Fail | AC115: 4.14 | AD115: Pass | AE115: 4.18 | AF115: Pass
A116: 113 | B116: 6.2 | C116: 5.3 | D116: 6.2 | E116: PASS | F116: 7.3 | G116: Pass | H116: 9 | I116: Warning | J116: 9.3 | K116: Warning | L116: 4.6 | M116: Pass | N116: 5 | P116: 4.3 | R116: 4 | S116: Pass | T116: 4 | U116: Pass | V116: 5.46 | W116: Pass | X116: 9999 | Y116: Fail | AC116: 4.96 | AD116: Pass | AE116: 4.01 | AF116: Pass
A117: 114 | B117: 5.6 | C117: 6 | D117: 5.8 | E117: PASS | F117: 7.5 | G117: Pass | H117: 7.8 | I117: Pass | J117: 9.4 | K117: Warning | L117: 4 | M117: Pass | N117: 4.6 | P117: 4.9 | R117: 4.2 | S117: Pass | T117: 4.17 | U117: Pass | V117: 4.85 | W117: Pass | X117: 9999 | Y117: Fail | AC117: 4.55 | AD117: Pass | AE117: 5.78 | AF117: Pass
A118: 115 | B118: 6.2 | C118: 6.2 | D118: 6.4 | E118: PASS | F118: 9.7 | G118: Warning | H118: 7.8 | I118: Pass | J118: 12 | K118: Failed | L118: 4.3 | M118: Pass | N118: 5.3 | P118: 4.2 | R118: 4 | S118: Pass | T118: 4.02 | U118: Pass | V118: 5.49 | W118: Pass | X118: 4.39 | Y118: Pass | AC118: 5.1 | AD118: Pass | AE118: 5.96 | AF118: Pass
A119: 116 | B119: 5.7 | C119: 6 | D119: 7.4 | E119: PASS | F119: 8.2 | G119: Pass | H119: 8 | I119: Pass | J119: 9.9 | K119: Warning | L119: 4.6 | M119: Pass | N119: 5.3 | P119: 4.3 | R119: 4 | S119: Pass | T119: 4.11 | U119: Pass | V119: 5.84 | W119: Pass | X119: 4.01 | Y119: Pass | AC119: 5.37 | AD119: Pass | AE119: 6.66 | AF119: Pass
...

Sheet MBE 
A1: Battery Spec: 12 Volts 120 AH
A2: Brand:
A3: Brand:
A4: Sr. No. | B4: 42936 | C4: 16/11/2017 | D4: Comments | E4: 43222 | F4: Comments | G4: 43289 | H4: Comments | I4: 24/10/2018 | J4: Comments - 24/10/2018 | K4: 21/1/2019 | L4: Comments - 21/1/2019 | M4: 19/8/2019 | N4: Comments - 19/8/2019 | O4: 27/9/2019 | P4: Comments - 27/9/2019 | Q4: 31/10/2019 | R4: Comments - 31/10/2019 | S4: 27/11/2019 | T4: Comments - 27/11/2019 | U4: 43840 | V4: Comments - 10/1/2020 | W4: 17/2/2020 | X4: Comments - 17/2/2020 | Y4: 44147 | Z4: Comments - 11/12/2020 | AA4: 17/2/2021 | AB4: Comments - 17/2/2021 | AC4: 18/3/2021 | AD4: Comments - 18/3/2021 | AE4: 22/4/2021 | AF4: Comments - 22/4/2021
A5: 1 | B5: 6 | C5: 5.8 | E5: 4.7 | G5: 6 | H5: Pass | I5: 5.1 | J5: Pass | K5: 4.5 | L5: Pass | M5: 5.8 | N5: Pass | O5: 5.5 | P5: Pass | Q5: 5.7 | R5: Pass | S5: 5.8 | T5: Pass | U5: 5.66 | V5: Pass | W5: 5.51 | X5: Pass | Y5: 6.14 | Z5: Pass | AA5: 6.37 | AB5: Pass | AC5: 6.36 | AD5: Pass | AE5: 7.2 | AF5: Pass
A6: 2 | B6: 6.1 | C6: 4.8 | E6: 5 | G6: 5.4 | H6: Pass | I6: 6.6 | J6: Pass | K6: 5.7 | L6: Pass | M6: 6.6 | N6: Pass | O6: 5.5 | P6: Pass | Q6: 6.5 | R6: Pass | S6: 6.3 | T6: Pass | U6: 5.34 | V6: Pass | W6: 6.21 | X6: Pass | Y6: 6.58 | Z6: Pass | AA6: 6.18 | AB6: Pass | AC6: 6.68 | AD6: Pass | AE6: 6.7 | AF6: Pass
A7: 3 | B7: 6.5 | C7: 5.6 | E7: 5.2 | G7: 5.7 | H7: Pass | I7: 5.3 | J7: Pass | K7: 4.9 | L7: Pass | M7: 6 | N7: Pass | O7: 6.4 | P7: Pass | Q7: 6.1 | R7: Pass | S7: 5.5 | T7: Pass | U7: 5.51 | V7: Pass | W7: 5.64 | X7: Pass | Y7: 6.94 | Z7: Pass | AA7: 6.51 | AB7: Pass | AC7: 6.41 | AD7: Pass | AE7: 6.2 | AF7: Pass
A8: 4 | B8: 5.9 | C8: 4.1 | E8: 4.4 | G8: 4.6 | H8: Pass | I8: 5.6 | J8: Pass | K8: 6.2 | L8: Pass | M8: 5.9 | N8: Pass | O8: 5.1 | P8: Pass | Q8: 5.6 | R8: Pass | S8: 6.1 | T8: Pass | U8: 5.83 | V8: Pass | W8: 5.95 | X8: Pass | Y8: 5.94 | Z8: Pass | AA8: 6.37 | AB8: Pass | AC8: 6.7 | AD8: Pass | AE8: 6.2 | AF8: Pass
A9: 5 | B9: 6 | C9: 5.1 | E9: 4.6 | G9: 5.1 | H9: Pass | I9: 4.9 | J9: Pass | K9: 5.4 | L9: Pass | M9: 5.5 | N9: Pass | O9: 5.4 | P9: Pass | Q9: 5.6 | R9: Pass | S9: 5.8 | T9: Pass | U9: 5.74 | V9: Pass | W9: 5.78 | X9: Pass | Y9: 6.09 | Z9: Pass | AA9: 6.43 | AB9: Pass | AC9: 6.89 | AD9: Pass | AE9: 7.5 | AF9: Pass
A10: 6 | B10: 6.1 | C10: 4.2 | E10: 5.9 | G10: 4.6 | H10: Pass | I10: 4.7 | J10: Pass | K10: 6.3 | L10: Pass | M10: 5.7 | N10: Pass | O10: 5.1 | P10: Pass | Q10: 5.2 | R10: Pass | S10: 6.9 | T10: Pass | U10: 6.4 | V10: Pass | W10: 4.92 | X10: Pass | Y10: 5.47 | Z10: Pass | AA10: 6.81 | AB10: Pass | AC10: 5.95 | AD10: Pass | AE10: 6.8 | AF10: Pass
A11: 7 | B11: 5.5 | C11: 6.4 | E11: 4.3 | G11: 4.3 | H11: Pass | I11: 5.3 | J11: Pass | K11: 5.7 | L11: Pass | M11: 5.8 | N11: Pass | O11: 4.9 | P11: Pass | Q11: 5.1 | R11: Pass | S11: 5 | T11: Pass | U11: 5.77 | V11: Pass | W11: 5.63 | X11: Pass | Y11: 6.34 | Z11: Pass | AA11: 6.17 | AB11: Pass | AC11: 6.28 | AD11: Pass | AE11: 6.5 | AF11: Pass
A12: 8 | B12: 6.2 | C12: 4.7 | E12: 6 | G12: 4.5 | H12: Pass | I12: 6.2 | J12: Pass | K12: 5 | L12: Pass | M12: 7.4 | N12: Pass | O12: 6.5 | P12: Pass | Q12: 6.3 | R12: Pass | S12: 5.5 | T12: Pass | U12: 5.31 | V12: Pass | W12: 4.9 | X12: Pass | Y12: 5.86 | Z12: Pass | AA12: 6.35 | AB12: Pass | AC12: 6.22 | AD12: Pass | AE12: 6.7 | AF12: Pass
A13: 9 | B13: 6.3 | C13: 6.4 | E13: 5.9 | G13: 6.6 | H13: Pass | I13: 5.8 | J13: Pass | K13: 6.1 | L13: Pass | M13: 5.2 | N13: Pass | O13: 5.9 | P13: Pass | Q13: 6.2 | R13: Pass | S13: 6.6 | T13: Pass | U13: 5.78 | V13: Pass | W13: 6.15 | X13: Pass | Y13: 6.5 | Z13: Pass | AA13: 6.15 | AB13: Pass | AC13: 6.26 | AD13: Pass | AE13: 7.1 | AF13: Pass
A14: 10 | B14: 6.1 | C14: 6.6 | E14: 4.5 | G14: 4.4 | H14: Pass | I14: 5 | J14: Pass | K14: 5.3 | L14: Pass | M14: 6.9 | N14: Pass | O14: 6.4 | P14: Pass | Q14: 6.6 | R14: Pass | S14: 5.5 | T14: Pass | U14: 5.35 | V14: Pass | W14: 5.59 | X14: Pass | Y14: 5.91 | Z14: Pass | AA14: 6.77 | AB14: Pass | AC14: 6.26 | AD14: Pass | AE14: 6.5 | AF14: Pass
A15: 11 | B15: 6.2 | C15: 4.5 | E15: 4.5 | G15: 4.2 | H15: Pass | I15: 6.1 | J15: Pass | K15: 4.7 | L15: Pass | M15: 7.2 | N15: Pass | O15: 6.2 | P15: Pass | Q15: 7.4 | R15: Pass | S15: 5.6 | T15: Pass | U15: 5.4 | V15: Pass | W15: 5.37 | X15: Pass | Y15: 5.87 | Z15: Pass | AA15: 6.08 | AB15: Pass | AC15: 6.13 | AD15: Pass | AE15: 6.4 | AF15: Pass
A16: 12 | B16: 6.1 | C16: 5.4 | E16: 5.6 | G16: 5 | H16: Pass | I16: 5.6 | J16: Pass | K16: 6.2 | L16: Pass | M16: 5.6 | N16: Pass | O16: 5.7 | P16: Pass | Q16: 5.3 | R16: Pass | S16: 6.4 | T16: Pass | U16: 5.55 | V16: Pass | W16: 5.55 | X16: Pass | Y16: 6.49 | Z16: Pass | AA16: 6.61 | AB16: Pass | AC16: 6.23 | AD16: Pass | AE16: 7.4 | AF16: Pass
... A25: 21 | B25: 6.1 | C25: 4.7 | E25: 4.9 | G25: 5 | H25: Pass | I25: 5.3 | J25: Pass | K25: 5.6 | L25: Pass | M25: 6 | N25: Pass | O25: 6 | P25: Pass | Q25: 5.4 | R25: Pass | S25: 6.2 | T25: Pass | U25: 6.25 | V25: Pass | W25: 5.5 | X25: Pass | Y25: 6.85 | Z25: Pass | AA25: 6.96 | AB25: Pass | AC25: 6.51 | AD25: Pass | AE25: 7.5 | AF25: Pass
A26: 22 | B26: 7 | D26: Reading did not come | F26: Reading did not come | G26: 5.2 | H26: Pass | I26: 5.5 | J26: Pass | K26: 5.6 | L26: Pass | M26: 5.7 | N26: Pass | O26: 5.1 | P26: Pass | Q26: 5.3 | R26: Pass | S26: 5.9 | T26: Pass | U26: 3.9 | V26: Pass | W26: 5.46 | X26: Pass | Y26: 4.88 | Z26: Pass | AA26: 5.04 | AB26: Pass | AC26: 5.23 | AD26: Pass | AE26: 6.1 | AF26: Pass
A27: 23 | B27: 6.2 | C27: 4.7 | E27: 5.1 | G27: 5.3 | H27: Pass | I27: 8.1 | J27: Pass | K27: 5.4 | L27: Pass | M27: 6.3 | N27: Pass | O27: 5.2 | P27: Pass | Q27: 5.3 | R27: Pass | S27: 5.3 | T27: Pass | U27: 5.25 | V27: Pass | W27: 5.91 | X27: Pass | Y27: 5.88 | Z27: Pass | AA27: 6.64 | AB27: Pass | AC27: 6.25 | AD27: Pass | AE27: 6.3 | AF27: Pass
A28: 24 | B28: 6.1 | C28: 5.3 | E28: 4.4 | G28: 4.6 | H28: Pass | I28: 5.3 | J28: Pass | K28: 5.9 | L28: Pass | M28: 6 | N28: Pass | O28: 5.2 | P28: Pass | Q28: 5.6 | R28: Pass | S28: 5.4 | T28: Pass | U28: 5.69 | V28: Pass | W28: 5.71 | X28: Pass | Y28: 5.82 | Z28: Pass | AA28: 6.87 | AB28: Pass | AC28: 6.8 | AD28: Pass | AE28: 6.8 | AF28: Pass
A29: 25 | B29: 6.1 | C29: 4.5 | E29: 4.3 | G29: 4.7 | H29: Pass | I29: 5.7 | J29: Pass | K29: 5.8 | L29: Pass | M29: 5.9 | N29: Pass | O29: 5.3 | P29: Pass | Q29: 5.5 | R29: Pass | S29: 5.5 | T29: Pass | U29: 5.98 | V29: Pass | W29: 5.06 | X29: Pass | Y29: 5.96 | Z29: Pass | AA29: 6.73 | AB29: Pass | AC29: 6.72 | AD29: Pass | AE29: 7.2 | AF29: Pass
A30: 26 | B30: 5.9 | C30: 4.7 | E30: 4.6 | G30: 4.8 | H30: Pass | I30: 5 | J30: Pass | K30: 5.4 | L30: Pass | M30: 5.5 | N30: Pass | O30: 5.1 | P30: Pass | Q30: 5.8 | R30: Pass | S30: 5.1 | T30: Pass | U30: 6.09 | V30: Pass | W30: 5.22 | X30: Pass | Y30: 5.93 | Z30: Pass | AA30: 6.96 | AB30: Pass | AC30: 6.61 | AD30: Pass | AE30: 6.9 | AF30: Pass
A31: 27 | B31: 6 | C31: 4.6 | E31: 4.1 | G31: 4.2 | H31: Pass | I31: 5.4 | J31: Pass | K31: 20.5 | L31: Fail | M31: 5.9 | N31: Pass | O31: 5.3 | P31: Pass | Q31: 5.1 | R31: Pass | S31: 5.4 | T31: Pass | U31: 5.5 | V31: Pass | W31: 5.38 | X31: Pass | Y31: 5.81 | Z31: Pass | AA31: 6.58 | AB31: Pass | AC31: 6.29 | AD31: Pass | AE31: 7 | AF31: Pass
A32: 28 | B32: 6.1 | C32: 4.2 | E32: 4.4 | G32: 4.7 | H32: Pass | I32: 5.2 | J32: Pass | K32: 4.9 | L32: Pass | M32: 5.7 | N32: Pass | O32: 5.6 | P32: Pass | Q32: 5.5 | R32: Pass | S32: 5.2 | T32: Pass | U32: 6.19 | V32: Pass | W32: 5.39 | X32: Pass | Y32: 6.09 | Z32: Pass | AA32: 6.15 | AB32: Pass | AC32: 6.13 | AD32: Pass | AE32: 7.5 | AF32: Pass
A33: 29 | B33: 6.3 | C33: 4.8 | E33: 4.2 | G33: 4.8 | H33: Pass | I33: 5.3 | J33: Pass | K33: 5.2 | L33: Pass | M33: 5.8 | N33: Pass | O33: 5.7 | P33: Pass | Q33: 5.2 | R33: Pass | S33: 5.3 | T33: Pass | U33: 5.25 | V33: Pass | W33: 6.67 | X33: Pass | Y33: 5.75 | Z33: Pass | AA33: 5.97 | AB33: Pass | AC33: 6.06 | AD33: Pass | AE33: 7.5 | AF33: Pass
A34: 30 | B34: 5.5 | C34: 5 | E34: 4.7 | G34: 5.2 | H34: Pass | I34: 5.5 | J34: Pass | K34: 5.1 | L34: Pass | M34: 5.9 | N34: Pass | O34: 5.9 | P34: Pass | Q34: 5.1 | R34: Pass | S34: 5.5 | T34: Pass | U34: 5.3 | V34: Pass | W34: 4.97 | X34: Pass | Y34: 5.81 | Z34: Pass | AA34: 6.56 | AB34: Pass | AC34: 6.05 | AD34: Pass | AE34: 6.1 | AF34: Pass
A35: 31 | B35: 14.2 | C35: 4.6 | D35: Changed in Oct' 17 | E35: 4.5 | G35: 5.5 | H35: Pass | I35: 5.1 | J35: Pass | K35: 4.7 | L35: Pass | M35: 5.5 | N35: Pass | O35: 5.8 | P35: Pass | Q35: 5.4 | R35: Pass | S35: 5.2 | T35: Pass | U35: 5.8 | V35: Pass | W35: 5.87 | X35: Pass | Y35: 6.21 | Z35: Pass | AA35: 6.35 | AB35: Pass | AC35: 5.9 | AD35: Pass | AE35: 6.4 | AF35: Pass
A36: 32 | B36: 6 | C36: 5 | E36: 4.3 | G36: 4.7 | H36: Pass | I36: 5.6 | J36: Pass | K36: 29.1 | L36: Fail | M36: 5.5 | N36: Pass | O36: 6.4 | P36: Pass | Q36: 5.3 | R36: Pass | S36: 5.5 | T36: Pass | U36: 5.38 | V36: Pass | W36: 5.23 | X36: Pass | Y36: 6.23 | Z36: Pass | AA36: 6.88 | AB36: Pass | AC36: 6.41 | AD36: Pass | AE36: 7.3 | AF36: Pass
A37: 33 | B37: 6.3 | C37: 4.3 | E37: 4.3 | G37: 4.7 | H37: Pass | I37: 5.9 | J37: Pass | K37: 5.7 | L37: Pass | M37: 6.1 | N37: Pass | O37: 5.4 | P37: Pass | Q37: 6.1 | R37: Pass | S37: 5.7 | T37: Pass | U37: 6.32 | V37: Pass | W37: 5.56 | X37: Pass | Y37: 5.93 | Z37: Pass | AA37: 6.97 | AB37: Pass | AC37: 6.2 | AD37: Pass | AE37: 7 | AF37: Pass
A38: 34 | B38: 6.1 | C38: 4.6 | E38: 4.3 | G38: 4.7 | H38: Pass | I38: 5.2 | J38: Pass | K38: 5.6 | L38: Pass | M38: 6 | N38: Pass | O38: 5.2 | P38: Pass | Q38: 5.6 | R38: Pass | S38: 5.3 | T38: Pass | U38: 5.91 | V38: Pass | W38: 6.35 | X38: Pass | Y38: 6.54 | Z38: Pass | AA38: 7.06 | AB38: Pass | AC38: 6.91 | AD38: Pass | AE38: 8.4 | AF38: Pass
A39: 35 | B39: 6.1 | C39: 5.3 | E39: 4.3 | G39: 4.5 | H39: Pass | I39: 5.3 | J39: Pass | K39: 6 | L39: Pass | M39: 5.7 | N39: Pass | O39: 5.3 | P39: Pass | Q39: 5.4 | R39: Pass | S39: 5.3 | T39: Pass | U39: 5.6 | V39: Pass | W39: 5.13 | X39: Pass | Y39: 5.76 | Z39: Pass | AA39: 6.1 | AB39: Pass | AC39: 6.43 | AD39: Pass | AE39: 6.7 | AF39: Pass
A40: 36 | B40: 6.3 | C40: 4.3 | E40: 4.3 | G40: 4.7 | H40: Pass | I40: 5.3 | J40: Pass | K40: 5.5 | L40: Pass | M40: 6 | N40: Pass | O40: 5 | P40: Pass | Q40: 5.7 | R40: Pass | S40: 5.2 | T40: Pass | U40: 5.81 | V40: Pass | W40: 4.92 | X40: Pass | Y40: 5.85 | Z40: Pass | AA40: 6.63 | AB40: Pass | AC40: 6.08 | AD40: Pass | AE40: 6.8 | AF40: Pass
A41: 37 | B41: 6.1 | C41: 4.7 | E41: 4.2 | G41: 4.5 | H41: Pass | I41: 5.6 | J41: Pass | K41: 5.5 | L41: Pass | M41: 5.5 | N41: Pass | O41: 5.3 | P41: Pass | Q41: 5.1 | R41: Pass | S41: 5.4 | T41: Pass | U41: 5.49 | V41: Pass | W41: 6.06 | X41: Pass | Y41: 5.62 | Z41: Pass | AA41: 6.13 | AB41: Pass | AC41: 5.7 | AD41: Pass | AE41: 6.4 | AF41: Pass
A42: 38 | B42: 6.2 | C42: 4.4 | E42: 4.4 | G42: 4.7 | H42: Pass | I42: 5.2 | J42: Pass | K42: 4.7 | L42: Pass | M42: 5.9 | N42: Pass | O42: 5.1 | P42: Pass | Q42: 5.5 | R42: Pass | S42: 5.3 | T42: Pass | U42: 5.99 | V42: Pass | W42: 5.47 | X42: Pass | Y42: 5.9 | Z42: Pass | AA42: 6.46 | AB42: Pass | AC42: 6.07 | AD42: Pass | AE42: 6.8 | AF42: Pass
A43: 39 | B43: 5.9 | C43: 4.8 | E43: 4.7 | G43: 5 | H43: Pass | I43: 5.3 | J43: Pass | K43: 5 | L43: Pass | M43: 5.7 | N43: Pass | O43: 5.2 | P43: Pass | Q43: 5.3 | R43: Pass | S43: 5.3 | T43: Pass | U43: 5.34 | V43: Pass | W43: 5.88 | X43: Pass | Y43: 6.52 | Z43: Pass | AA43: 6.18 | AB43: Pass | AC43: 6.25 | AD43: Pass | AE43: 7 | AF43: Pass
A44: 40 | B44: 6.3 | C44: 3.9 | E44: 4.6 | G44: 5.3 | H44: Pass | I44: 4.1 | J44: Pass | K44: 4.4 | L44: Pass | M44: 4.8 | N44: Pass | O44: 4.1 | P44: Pass | Q44: 5.3 | R44: Pass | S44: 4 | T44: Pass | U44: 5.21 | V44: Pass | W44: 5.78 | X44: Pass | Y44: 6.39 | Z44: Pass | AA44: 5.96 | AB44: Pass | AC44: 6.08 | AD44: Pass | AE44: 6.5 | AF44: Pass
A45: 41 | B45: 4.5 | C45: 3.7 | E45: 4.1 | G45: 4.2 | H45: Pass | I45: 4 | J45: Pass | K45: 3.9 | L45: Pass | M45: 4.8 | N45: Pass | O45: 4.7 | P45: Pass | Q45: 4.4 | R45: Pass | S45: 4.1 | T45: Pass | U45: 4.24 | V45: Pass | W45: 6.51 | X45: Pass | Y45: 7.77 | Z45: Pass | AA45: 9.09 | AB45: Warning | AC45: 9.49 | AD45: Warning | AE45: 11 | AF45: Warning
A46: 42 | B46: 4.6 | C46: 3.9 | E46: 3.9 | G46: 4 | H46: Pass | I46: 4.3 | J46: Pass | K46: 3.9 | L46: Pass | M46: 4.6 | N46: Pass | O46: 4.7 | P46: Pass | Q46: 4.5 | R46: Pass | S46: 4.2 | T46: Pass | U46: 4.91 | V46: Pass | W46: 6.03 | X46: Pass | Y46: 9.05 | Z46: Warning | AA46: 10.47 | AB46: Warning | AC46: 10.89 | AD46: Warning | AE46: 12.6 | AF46: Fail
A47: 43 | B47: 4.8 | C47: 3.8 | E47: 4 | G47: 4 | H47: Pass | I47: 4.2 | J47: Pass | K47: 4.1 | L47: Pass | M47: 4.5 | N47: Pass | O47: 4.3 | P47: Pass | Q47: 4.7 | R47: Pass | S47: 4.1 | T47: Pass | U47: 5.11 | V47: Pass | W47: 6.27 | X47: Pass | Y47: 9.7 | Z47: Warning | AA47: 11.43 | AB47: Warning | AC47: 11.52 | AD47: Warning | AE47: 13.8 | AF47: Fail
... A98: 94 | B98: 4.6 | C98: 4.5 | E98: 4.3 | G98: 4 | H98: Pass | I98: 5.6 | J98: Pass | K98: 4.6 | L98: Pass | M98: 4.9 | N98: Pass | O98: 6.1 | P98: Pass | Q98: 6.3 | R98: Pass | S98: 5.6 | T98: Pass | U98: 5.97 | V98: Pass | W98: 6.42 | X98: Pass | Y98: 16.34 | Z98: Fail | AA98: 21.1 | AB98: Fail | AC98: 22.75 | AD98: Fail | AE98: 26.4 | AF98: Fail
A99: 95 | B99: 55.5 | C99: 3.8 | D99: Changed in Oct' 17 | E99: 3.4 | G99: 5.4 | H99: Pass | I99: 4 | J99: Pass | K99: 6.7 | L99: Pass | M99: 6.2 | N99: Pass | O99: 4.8 | P99: Pass | Q99: 4.7 | R99: Pass | S99: 6.9 | T99: Pass | U99: 6.77 | V99: Pass | W99: 6 | X99: Pass | Y99: 16.81 | Z99: Fail | AA99: 19.63 | AB99: Fail | AC99: 21.22 | AD99: Fail | AE99: 23.5 | AF99: Fail
A100: 96 | B100: 4.6 | C100: 3.7 | E100: 3.5 | G100: 3.8 | H100: Pass | I100: 3.7 | J100: Pass | K100: 4.1 | L100: Pass | M100: 4.8 | N100: Pass | O100: 5.1 | P100: Pass | Q100: 4.9 | R100: Pass | S100: 4.6 | T100: Pass | U100: 4.75 | V100: Pass | W100: 6.81 | X100: Pass | Y100: 8.84 | Z100: Pass | AA100: 10.54 | AB100: Warning | AC100: 11.51 | AD100: Warning | AE100: 12.8 | AF100: Fail
A101: 97 | B101: 4.7 | C101: 3.8 | E101: 3.4 | G101: 4.4 | H101: Pass | I101: 3.6 | J101: Pass | K101: 4.1 | L101: Pass | M101: 4.7 | N101: Pass | O101: 4.8 | P101: Pass | Q101: 5.1 | R101: Pass | S101: 4.5 | T101: Pass | U101: 5.18 | V101: Pass | W101: 5.72 | X101: Pass | Y101: 11.25 | Z101: Warning | AA101: 14.09 | AB101: Fail | AC101: 15.4 | AD101: Fail | AE101: 18 | AF101: Fail
A102: 98 | B102: 4.7 | C102: 4 | E102: 3.9 | G102: 4.2 | H102: Pass | I102: 4.2 | J102: Pass | K102: 4.1 | L102: Pass | M102: 4.8 | N102: Pass | O102: 4.7 | P102: Pass | Q102: 4.7 | R102: Pass | S102: 5.2 | T102: Pass | U102: 4.78 | V102: Pass | W102: 5.7 | X102: Pass | Y102: 13.42 | Z102: Fail | AA102: 16.85 | AB102: Fail | AC102: 18.5 | AD102: Fail | AE102: 32.9 | AF102: Fail
A103: 99 | B103: 4.6 | C103: 4 | E103: 3.9 | G103: 3.9 | H103: Pass | I103: 4.4 | J103: Pass | K103: 4.4 | L103: Pass | M103: 4.7 | N103: Pass | O103: 5 | P103: Pass | Q103: 5.2 | R103: Pass | S103: 5.3 | T103: Pass | U103: 5.19 | V103: Pass | W103: 6.47 | X103: Pass | Y103: 10.56 | Z103: Warning | AA103: 12.61 | AB103: Fail | AC103: 13.69 | AD103: Fail | AE103: 15.4 | AF103: Fail
A104: 100 | B104: 4.4 | C104: 3.8 | E104: 3.4 | G104: 3.5 | H104: Pass | I104: 4 | J104: Pass | K104: 4.6 | L104: Pass | M104: 5.3 | N104: Pass | O104: 4.4 | P104: Pass | Q104: 4.8 | R104: Pass | S104: 5.3 | T104: Pass | U104: 4.81 | V104: Pass | W104: 7.26 | X104: Pass | Y104: 19.39 | Z104: Fail | AA104: 25.71 | AB104: Fail | AC104: 30.18 | AD104: Fail | AE104: 41.4 | AF104: Fail
A105: 101 | B105: 4.6 | C105: 3.8 | E105: 3.4 | G105: 4.3 | H105: Pass | I105: 4.3 | J105: Pass | K105: 4.2 | L105: Pass | M105: 4.5 | N105: Pass | O105: 4.6 | P105: Pass | Q105: 5.4 | R105: Pass | S105: 4.6 | T105: Pass | U105: 4.97 | V105: Pass | W105: 6.51 | X105: Pass | Y105: 9.45 | Z105: Warning | AA105: 12.31 | AB105: Fail | AC105: 12.83 | AD105: Fail | AE105: 15.8 | AF105: Fail
A106: 102 | B106: 4.7 | C106: 4 | E106: 3.4 | G106: 4.3 | H106: Pass | I106: 4.1 | J106: Pass | K106: 4.6 | L106: Pass | M106: 4.9 | N106: Pass | O106: 4.6 | P106: Pass | Q106: 4.7 | R106: Pass | S106: 4.6 | T106: Pass | U106: 5.33 | V106: Pass | W106: 6.26 | X106: Pass | Y106: 9.59 | Z106: Warning | AA106: 11.97 | AB106: Warning | AC106: 12.66 | AD106: Fail | AE106: 14.1 | AF106: Fail
A107: 103 | B107: 4.5 | C107: 3.7 | E107: 3.4 | G107: 3.9 | H107: Pass | I107: 4.2 | J107: Pass | K107: 4.6 | L107: Pass | M107: 4.7 | N107: Pass | O107: 4.8 | P107: Pass | Q107: 4.8 | R107: Pass | S107: 4.6 | T107: Pass | U107: 5.15 | V107: Pass | W107: 9.47 | X107: Warning | Y107: 9.71 | Z107: Warning | AA107: 11.8 | AB107: Warning | AC107: 12.6 | AD107: Fail | AE107: 15.2 | AF107: Fail
A108: 104 | B108: 4.6 | C108: 4 | E108: 3.5 | G108: 4.3 | H108: Pass | I108: 4.2 | J108: Pass | K108: 4.2 | L108: Pass | M108: 5.1 | N108: Pass | O108: 4.7 | P108: Pass | Q108: 4.4 | R108: Pass | S108: 6 | T108: Pass | U108: 5.73 | V108: Pass | W108: 6.37 | X108: Pass | Y108: 17.35 | Z108: Fail | AA108: 22.45 | AB108: Fail | AC108: 26.92 | AD108: Fail | AE108: 31.1 | AF108: Fail
A109: 105 | B109: 4.5 | C109: 3.5 | E109: 3.5 | G109: 4.2 | H109: Pass | I109: 4.3 | J109: Pass | K109: 4.3 | L109: Pass | M109: 4.6 | N109: Pass | O109: 5 | P109: Pass | Q109: 4.9 | R109: Pass | S109: 4.8 | T109: Pass | U109: 4.97 | V109: Pass | W109: 6.49 | X109: Pass | Y109: 10.04 | Z109: Warning | AA109: 12.03 | AB109: Fail | AC109: 13.01 | AD109: Fail | AE109: 15.5 | AF109: Fail
A110: 106 | B110: 4.4 | C110: 3.8 | E110: 3.4 | G110: 4 | H110: Pass | I110: 4.3 | J110: Pass | K110: 4.5 | L110: Pass | M110: 4.8 | N110: Pass | O110: 4.9 | P110: Pass | Q110: 4.4 | R110: Pass | S110: 4.8 | T110: Pass | U110: 5.68 | V110: Pass | W110: 6.89 | X110: Pass | Y110: 13.35 | Z110: Fail | AA110: 9999 | AB110: Fail | AC110: 17.27 | AD110: Fail | AE110: 28.8 | AF110: Fail
A111: 107 | B111: 4.6 | C111: 3.8 | E111: 3.6 | G111: 4.3 | H111: Pass | I111: 3.9 | J111: Pass | K111: 4.4 | L111: Pass | M111: 4.8 | N111: Pass | O111: 4.5 | P111: Pass | Q111: 4.7 | R111: Pass | S111: 5.1 | T111: Pass | U111: 5.49 | V111: Pass | W111: 7.57 | X111: Pass | Y111: 11.4 | Z111: Warning | AA111: 14.19 | AB111: Fail | AC111: 15.21 | AD111: Fail | AE111: 17.8 | AF111: Fail
... A123: 119 | B123: 4.5 | C123: 3.6 | E123: 3.4 | G123: 4.1 | H123: Pass | I123: 4.3 | J123: Pass | K123: 4.2 | L123: Pass | M123: 4.6 | N123: Pass | O123: 4.6 | P123: Pass | Q123: 4.9 | R123: Pass | S123: 4.9 | T123: Pass | U123: 5.08 | V123: Pass | W123: 6.57 | X123: Pass | Y123: 11.07 | Z123: Warning | AA123: 13.93 | AB123: Fail | AC123: 14.82 | AD123: Fail | AE123: 17 | AF123: Fail
A124: 120 | B124: 4.4 | C124: 4.7 | E124: 3.4 | G124: 3.5 | H124: Pass | I124: 3.9 | J124: Pass | L124: Not Determined | N124: Not Determined | P124: Not Determined | R124: Not Determined | S124: 4.9 | T124: Pass | U124: 4.71 | V124: Pass | W124: 5.69 | X124: Pass | Y124: 12.12 | Z124: Fail | AA124: 14.69 | AB124: Fail | AC124: 16.11 | AD124: Fail | AE124: 18.3 | AF124: Fail
Y126: =COUNTIF(Y5:Y124,"<=9") -> 62 | Z126: Pass | AA126: =COUNTIF(AA5:AA124,"<=9") -> 49 | AB126: Pass | AC126: =COUNTIF(AC5:AC124,"<=9") -> 46 | AD126: Pass | AE126: =COUNTIF(AE5:AE124,"<=9") -> 40 | AF126: Pass
Y127: =120-(Y126+Y128) -> 34 | Z127: Warning | AA127: =120-(AA126+AA128) -> 29 | AB127: Warning | AC127: =120-(AC126+AC128) -> 26 | AD127: Warning | AE127: =120-(AE126+AE128) -> 18 | AF127: Warning
Y128: =COUNTIF(Y5:Y124,">12") -> 24 | Z128: Fail | AA128: =COUNTIF(AA5:AA124,">12") -> 42 | AB128: Fail | AC128: =COUNTIF(AC5:AC124,">12") -> 48 | AD128: Fail | AE128: =COUNTIF(AE5:AE124,">12") -> 62 | AF128: Fail
Y129: =Y127+Y128 -> 58 | Z129: Non-Healthy Batteries | AA129: =AA127+AA128 -> 71 | AB129: Non-Healthy Batteries | AC129: =AC127+AC128 -> 74 | AD129: Non-Healthy Batteries | AE129: =AE127+AE128 -> 80 | AF129: Non-Healthy Batteries

Sheet NCPRE 
A1: Battery Spec: 12 Volts, 120 AH
A2: Brand:
A3: Brand:
A4: Sr. No. | B4: 42936 | C4: 30/8/2017 | D4: 16/11/2017 | E4: Comments | F4: 43102 | G4: Comments | H4: 43289 | I4: Comments | J4: 21/1/2019 | K4: Comments - 21/1/2019 | L4: 19/8/2019 | M4: Comments - 19/8/2019 | N4: 27/9/2019 | O4: Comments - 27/9/2019 | P4: 31/10/2019 | Q4: Comments - 31/10/2019 | R4: 29/11/2019 | S4: Comments - 29/11/2019 | T4: 44147 | U4: Comments - 11/12/2020 | V4: 17/2/2021 | W4: Comments - 17/2/2021 | X4: 18/3/2021 | Y4: Comments - 18/3/2021 | Z4: 22/4/2021 | AA4: Comments - 22/4/2021
A5: 1 | B5: 4.2 | C5: 4.2 | D5: 5.8 | F5: 4.5 | H5: 4.5 | I5: Pass | J5: 4.4 | K5: Pass | L5: 4.7 | M5: Pass | N5: 5.1 | O5: Pass | P5: 5.9 | R5: 4.6 | S5: Pass | T5: 8.7 | U5: Pass | V5: 5.72 | W5: Pass | X5: 5.43 | Y5: Pass | Z5: 7.1 | AA5: Pass
A6: 2 | B6: 6.5 | C6: 4.4 | D6: 4.8 | F6: 4.6 | H6: 5.4 | I6: Pass | J6: 5.1 | K6: Pass | L6: 5.3 | M6: Pass | N6: 4.3 | O6: Pass | P6: 5.6 | R6: 4.8 | S6: Pass | T6: 7.48 | U6: Pass | V6: 5.9 | W6: Pass | X6: 5.79 | Y6: Pass | Z6: 6 | AA6: Pass
A7: 3 | B7: 5.1 | C7: 4.5 | D7: 5.6 | F7: 4.3 | H7: 4.4 | I7: Pass | J7: 4.8 | K7: Pass | L7: 5.5 | M7: Pass | N7: 4.6 | O7: Pass | P7: 7.2 | R7: 5.5 | S7: Pass | T7: 11.09 | U7: Warning | V7: 6.3 | W7: Pass | X7: 6.15 | Y7: Pass | Z7: 6.7 | AA7: Pass
A8: 4 | B8: 4.3 | C8: 4.5 | D8: 4.1 | F8: 4.3 | H8: 4.2 | I8: Pass | J8: 4.1 | K8: Pass | L8: 5.1 | M8: Pass | N8: 4.9 | O8: Pass | P8: 5.2 | R8: 4.2 | S8: Pass | T8: 6.84 | U8: Pass | V8: 5.28 | W8: Pass | X8: 4.89 | Y8: Pass | Z8: 6.9 | AA8: Pass
A9: 5 | B9: 4.5 | C9: 4.7 | D9: 5.1 | F9: 4.4 | H9: 4.2 | I9: Pass | J9: 4.6 | K9: Pass | L9: 5.6 | M9: Pass | N9: 4.2 | O9: Pass | P9: 5.6 | R9: 5.2 | S9: Pass | T9: 7.64 | U9: Pass | V9: 6.92 | W9: Pass | X9: 6.23 | Y9: Pass | Z9: 7.4 | AA9: Pass
A10: 6 | B10: 4.2 | C10: 4.1 | D10: 4.2 | F10: 4.3 | H10: 4 | I10: Pass | J10: 4.4 | K10: Pass | L10: 5.4 | M10: Pass | N10: 5 | O10: Pass | P10: 5.2 | R10: 4.8 | S10: Pass | T10: 10 | U10: Warning | V10: 5.96 | W10: Pass | X10: 5.76 | Y10: Pass | Z10: 6.3 | AA10: Pass
A11: 7 | B11: 4.2 | C11: 4.4 | D11: 6.4 | F11: 4.3 | H11: 4.1 | I11: Pass | J11: 4.2 | K11: Pass | L11: 5.1 | M11: Pass | N11: 4.7 | O11: Pass | P11: 6 | R11: 4.7 | S11: Pass | T11: 9.61 | U11: Warning | V11: 7.54 | W11: Pass | X11: 5.92 | Y11: Pass | Z11: 7 | AA11: Pass
A12: 8 | B12: 4.1 | C12: 4.7 | D12: 4.7 | F12: 5.1 | H12: 4.1 | I12: Pass | J12: 4.7 | K12: Pass | L12: 5.2 | M12: Pass | N12: 4.5 | O12: Pass | P12: 5.3 | R12: 4.9 | S12: Pass | T12: 7.17 | U12: Pass | V12: 6.93 | W12: Pass | X12: 6.44 | Y12: Pass | Z12: 6.4 | AA12: Pass
A13: 9 | B13: 4.5 | C13: 4.1 | D13: 6.4 | F13: 4.4 | H13: 5.1 | I13: Pass | J13: 5 | K13: Pass | L13: 5.2 | M13: Pass | N13: 5.4 | O13: Pass | P13: 6.2 | R13: 5.3 | S13: Pass | T13: 8.54 | U13: Pass | V13: 6.17 | W13: Pass | X13: 6.12 | Y13: Pass | Z13: 6.4 | AA13: Pass
A14: 10 | B14: 4.6 | C14: 4.1 | D14: 6.6 | F14: 4.6 | H14: 4.7 | I14: Pass | J14: 4.5 | K14: Pass | L14: 5.5 | M14: Pass | N14: 4.6 | O14: Pass | P14: 5.8 | R14: 4.8 | S14: Pass | T14: 6.98 | U14: Pass | V14: 6.02 | W14: Pass | X14: 5.99 | Y14: Pass | Z14: 6.6 | AA14: Pass
A15: 11 | B15: 5 | C15: 4.2 | D15: 4.5 | F15: 4.6 | H15: 4.9 | I15: Pass | J15: 4.7 | K15: Pass | L15: 5.5 | M15: Pass | N15: 5 | O15: Pass | P15: 5.8 | R15: 4.4 | S15: Pass | T15: 8.32 | U15: Pass | V15: 5.98 | W15: Pass | X15: 5.57 | Y15: Pass | Z15: 6.4 | AA15: Pass
A16: 12 | B16: 4.4 | C16: 4.9 | D16: 5.4 | F16: 4.8 | H16: 4.6 | I16: Pass | J16: 4.7 | K16: Pass | L16: 5.1 | M16: Pass | N16: 5.1 | O16: Pass | P16: 5.6 | R16: 4.6 | S16: Pass | T16: 8.96 | U16: Pass | V16: 6.06 | W16: Pass | X16: 6.09 | Y16: Pass | Z16: 7.5 | AA16: Pass
... A24: 20 | B24: 4 | C24: 3.9 | D24: 4.7 | F24: 4.5 | H24: 4.5 | I24: Pass | J24: 5.6 | K24: Pass | L24: 5.5 | M24: Pass | N24: 4.5 | O24: Pass | P24: 5.2 | R24: 5 | S24: Pass | T24: 7.74 | U24: Pass | V24: 6.66 | W24: Pass | X24: 6.46 | Y24: Pass | Z24: 5.9 | AA24: Pass
A25: 21 | B25: 4.3 | C25: 4.5 | D25: 4.7 | F25: 4.8 | H25: 5.3 | I25: Pass | J25: 5.4 | K25: Pass | L25: 5.4 | M25: Pass | N25: 4.7 | O25: Pass | P25: 10.6 | Q25: Warning | R25: 5 | S25: Pass | T25: 7.67 | U25: Pass | V25: 5.75 | W25: Pass | X25: 5.67 | Y25: Pass | Z25: 6.5 | AA25: Pass
A26: 22 | B26: 4.6 | C26: 3.8 | D26: 4.7 | F26: 4.3 | H26: 4.7 | I26: Pass | J26: 5 | K26: Pass | L26: 5.3 | M26: Pass | N26: 4.8 | O26: Pass | P26: 6.2 | R26: 5 | S26: Pass | T26: 8.98 | U26: Pass | V26: 14.47 | W26: Fail | X26: 12.05 | Y26: Fail | Z26: 6.7 | AA26: Pass
A27: 23 | B27: 4.3 | C27: 4.9 | D27: 5.3 | F27: 4.4 | H27: 4.5 | I27: Pass | J27: 4.9 | K27: Pass | L27: 5.2 | M27: Pass | N27: 5.3 | O27: Pass | P27: 5.4 | R27: 4.7 | S27: Pass | T27: 7.46 | U27: Pass | V27: 5.65 | W27: Pass | X27: 5.53 | Y27: Pass | Z27: 8.6 | AA27: Pass
A28: 24 | B28: 4.3 | C28: 4.6 | D28: 4.5 | F28: 4.6 | H28: 4.1 | I28: Pass | J28: 4.4 | K28: Pass | L28: 5.2 | M28: Pass | N28: 5.3 | O28: Pass | P28: 5.6 | R28: 4.9 | S28: Pass | T28: 10.37 | U28: Warning | V28: 6.41 | W28: Pass | X28: 5.97 | Y28: Pass | Z28: 6.8 | AA28: Pass
A29: 25 | B29: 4.2 | C29: 4.3 | D29: 4.7 | F29: 4.3 | H29: 4.2 | I29: Pass | J29: 4.3 | K29: Pass | L29: 5.3 | M29: Pass | N29: 4.7 | O29: Pass | P29: 6.2 | R29: 4.6 | S29: Pass | T29: 8.59 | U29: Pass | V29: 5.96 | W29: Pass | X29: 5.83 | Y29: Pass | Z29: 6.8 | AA29: Pass
A30: 26 | B30: 4.3 | C30: 4.3 | D30: 4.6 | F30: 4.5 | H30: 4.2 | I30: Pass | J30: 4.4 | K30: Pass | L30: 5.3 | M30: Pass | N30: 4.5 | O30: Pass | P30: 5.9 | R30: 4.8 | S30: Pass | T30: 7.14 | U30: Pass | V30: 6.81 | W30: Pass | X30: 5.77 | Y30: Pass | Z30: 6.8 | AA30: Pass
A31: 27 | B31: 4.2 | C31: 4.1 | D31: 4.2 | F31: 4.4 | H31: 4.2 | I31: Pass | J31: 4.4 | K31: Pass | L31: 5.1 | M31: Pass | N31: 4.7 | O31: Pass | P31: 5.8 | R31: 4.7 | S31: Pass | T31: 8.63 | U31: Pass | V31: 6.19 | W31: Pass | X31: 5.8 | Y31: Pass | Z31: 7.1 | AA31: Pass
A32: 28 | B32: 4.1 | C32: 3.8 | D32: 4.8 | F32: 4.6 | H32: 4.4 | I32: Pass | J32: 4.8 | K32: Pass | L32: 5 | M32: Pass | N32: 4.5 | O32: Pass | P32: 6.6 | R32: 4.8 | S32: Pass | T32: 12.38 | U32: Fail | V32: 6.31 | W32: Pass | X32: 6.27 | Y32: Pass | Z32: 6 | AA32: Pass
A33: 29 | B33: 4.4 | C33: 4.1 | D33: 5 | F33: 4.5 | H33: 5.7 | I33: Pass | J33: 4.8 | K33: Pass | L33: 5.1 | M33: Pass | N33: 4.8 | O33: Pass | P33: 7 | R33: 4.6 | S33: Pass | T33: 8.33 | U33: Pass | V33: 5.66 | W33: Pass | X33: 5.23 | Y33: Pass | Z33: 5.5 | AA33: Pass
A34: 30 | B34: 4.1 | C34: 4.3 | D34: 4.6 | F34: 4.4 | H34: 4.5 | I34: Pass | J34: 5.1 | K34: Pass | L34: 5.2 | M34: Pass | N34: 5.3 | O34: Pass | P34: 5.7 | R34: 5 | S34: Pass | T34: 7.33 | U34: Pass | V34: 6.17 | W34: Pass | X34: 6.17 | Y34: Pass | Z34: 5.6 | AA34: Pass
A35: 31 | B35: 4.2 | C35: 3.9 | D35: 5 | F35: 4.5 | H35: 4.2 | I35: Pass | J35: 5 | K35: Pass | L35: 5.3 | M35: Pass | N35: 4.8 | O35: Pass | P35: 5.6 | R35: 4.5 | S35: Pass | T35: 7.11 | U35: Pass | V35: 5.65 | W35: Pass | X35: 5.52 | Y35: Pass | Z35: 6.3 | AA35: Pass
A36: 32 | B36: 4.4 | C36: 4.7 | D36: 4.3 | F36: 4.2 | H36: 4.6 | I36: Pass | J36: 5 | K36: Pass | L36: 5.1 | M36: Pass | N36: 4.5 | O36: Pass | P36: 5.1 | R36: 5.1 | S36: Pass | T36: 7.36 | U36: Pass | V36: 5.8 | W36: Pass | X36: 5.89 | Y36: Pass | Z36: 5.7 | AA36: Pass
A37: 33 | B37: 4.4 | C37: 4 | D37: 4.6 | F37: 5.1 | H37: 4.6 | I37: Pass | J37: 5.2 | K37: Pass | L37: 4.9 | M37: Pass | N37: 5.1 | O37: Pass | P37: 6 | R37: 4.4 | S37: Pass | T37: 9999 | U37: Fail | V37: 5.34 | W37: Pass | X37: 5.28 | Y37: Pass | Z37: 7.3 | AA37: Pass
... A104: 100 | B104: 4.5 | C104: 4.1 | D104: 3.8 | F104: 4.3 | H104: 4.6 | I104: Pass | J104: 4.6 | K104: Pass | L104: 6.5 | M104: Pass | N104: 5.2 | O104: Pass | P104: 4.6 | R104: 6 | S104: Pass | T104: 5.62 | U104: Pass | V104: 8.15 | W104: Pass | X104: 6.7 | Y104: Pass | Z104: 21 | AA104: Fail
A105: 101 | B105: 10 | C105: 11.2 | E105: Battery reading did not come | F105: 10.6 | G105: Replaced on 2/2/2018 | H105: 4.6 | I105: Pass | J105: 4.8 | K105: Pass | L105: 6.1 | M105: Pass | N105: 5.4 | O105: Pass | P105: 4.9 | R105: 5.4 | S105: Pass | T105: 6.68 | U105: Pass | V105: 8.28 | W105: Pass | X105: 7.3 | Y105: Pass | Z105: 10.1 | AA105: Warning
A106: 102 | B106: 4.3 | C106: 4.3 | D106: 4 | F106: 4.5 | H106: 4.5 | I106: Pass | J106: 4.8 | K106: Pass | L106: 6 | M106: Pass | N106: 5.6 | O106: Pass | P106: 4.9 | R106: 5.7 | S106: Pass | T106: 5.92 | U106: Pass | V106: 19.89 | W106: Fail | X106: 7.1 | Y106: Pass | Z106: 7.7 | AA106: Pass
A107: 103 | B107: 4.3 | C107: 4 | D107: 3.7 | F107: 4.4 | H107: 4.3 | I107: Pass | J107: 4.6 | K107: Pass | L107: 6.2 | M107: Pass | N107: 5 | O107: Pass | P107: 5.1 | R107: 6.1 | S107: Pass | T107: 5.94 | U107: Pass | V107: 7.41 | W107: Pass | X107: 6.7 | Y107: Pass | Z107: 11.3 | AA107: Warning
A108: 104 | B108: 4.1 | C108: 3.9 | D108: 4 | F108: 4.3 | H108: 4.3 | I108: Pass | J108: 5.1 | K108: Pass | L108: 5.5 | M108: Pass | N108: 10.3 | O108: Pass | P108: 4.7 | R108: 5.3 | S108: Pass | T108: 6.2 | U108: Pass | V108: 5.49 | W108: Pass | X108: 8.4 | Y108: Pass | Z108: 7.3 | AA108: Pass
A109: 105 | B109: 4.2 | C109: 4.1 | D109: 3.5 | F109: 4.4 | H109: 4.5 | I109: Pass | J109: 4.8 | K109: Pass | L109: 7.9 | M109: Pass | N109: 5.7 | O109: Pass | P109: 4.5 | R109: 11.4 | S109: Warning | T109: 6.03 | U109: Pass | V109: 8.88 | W109: Pass | X109: 7.4 | Y109: Pass | Z109: 8.5 | AA109: Pass
A110: 106 | B110: 4.4 | C110: 4.4 | D110: 3.8 | F110: 4.6 | H110: 4.5 | I110: Pass | J110: 4.7 | K110: Pass | L110: 6.2 | M110: Pass | N110: 5.4 | O110: Pass | P110: 4.3 | R110: 5.9 | S110: Pass | T110: 5.47 | U110: Pass | V110: 10.57 | W110: Waring | X110: 10.8 | Y110: Warning | Z110: 11.3 | AA110: Warning
A111: 107 | B111: 4.4 | C111: 4.4 | D111: 3.8 | F111: 4.6 | H111: 4.7 | I111: Pass | J111: 4.7 | K111: Pass | L111: 5.9 | M111: Pass | N111: 5.2 | O111: Pass | P111: 4.7 | R111: 5.7 | S111: Pass | T111: 6.07 | U111: Pass | V111: 8.51 | W111: Pass | X111: 7.7 | Y111: Pass | Z111: 12 | AA111: Warning
A112: 108 | B112: 4.3 | C112: 4.5 | D112: 3.7 | F112: 4.4 | H112: 4.3 | I112: Pass | J112: 4.8 | K112: Pass | L112: 5.7 | M112: Pass | N112: 5.4 | O112: Pass | P112: 4.6 | R112: 5.3 | S112: Pass | T112: 5.66 | U112: Pass | V112: 10.05 | W112: Warning | X112: 9.7 | Y112: Warning | Z112: 8.1 | AA112: Pass
A113: 109 | B113: 4.4 | C113: 4.4 | D113: 3.6 | F113: 4.7 | H113: 4.8 | I113: Pass | J113: 5.1 | K113: Pass | L113: 6 | M113: Pass | N113: 5.8 | O113: Pass | P113: 4.8 | R113: 5.8 | S113: Pass | T113: 5.93 | U113: Pass | V113: 8.59 | W113: Pass | X113: 10.8 | Y113: Warning | Z113: 9.7 | AA113: Warning
A114: 110 | B114: 4.3 | C114: 4.5 | D114: 4.1 | F114: 4.5 | H114: 4.3 | I114: Pass | J114: 4.5 | K114: Pass | L114: 6.3 | M114: Pass | N114: 5 | O114: Pass | P114: 4.7 | R114: 6.1 | S114: Pass | T114: 5.47 | U114: Pass | V114: 7.42 | W114: Pass | X114: 6.9 | Y114: Pass | Z114: 7.6 | AA114: Pass
A115: 111 | B115: 4.7 | C115: 4.7 | D115: 3.9 | F115: 4.8 | H115: 4.6 | I115: Pass | J115: 5 | K115: Pass | L115: 5.6 | M115: Pass | N115: 5.7 | O115: Pass | P115: 4.8 | R115: 5.3 | S115: Pass | T115: 6.61 | U115: Pass | V115: 8.88 | W115: Pass | X115: 8.8 | Y115: Pass | Z115: 8.1 | AA115: Pass
A116: 112 | B116: 4.4 | C116: 4.5 | D116: 3.7 | F116: 4.6 | H116: 4.5 | I116: Pass | J116: 4.7 | K116: Pass | L116: 6.2 | M116: Pass | N116: 5.2 | O116: Pass | P116: 4.5 | R116: 6.1 | S116: Pass | T116: 6.56 | U116: Pass | V116: 8.02 | W116: Pass | X116: 6.9 | Y116: Pass | Z116: 11.8 | AA116: Warning
A117: 113 | B117: 4.3 | C117: 4.2 | D117: 4.1 | F117: 4.4 | H117: 4.3 | I117: Pass | J117: 5.3 | K117: Pass | L117: 5.7 | M117: Pass | N117: 5.9 | O117: Pass | P117: 5.3 | R117: 5.3 | S117: Pass | T117: 6.28 | U117: Pass | V117: 11.97 | W117: Warning | X117: 8.2 | Y117: Pass | Z117: 8 | AA117: Pass
... A123: 119 | B123: 4.3 | C123: 4.5 | D123: 3.6 | F123: 4.4 | H123: 4.4 | I123: Pass | J123: 4.1 | K123: Pass | L123: 6.1 | M123: Pass | N123: 5.5 | O123: Pass | P123: 4.2 | R123: 5.7 | S123: Pass | T123: 5.82 | U123: Pass | V123: 9.48 | W123: Warning | X123: 7.3 | Y123: Pass | Z123: 8 | AA123: Fail
A124: 120 | B124: 4.6 | C124: 4.7 | D124: 4.7 | F124: 7.1 | H124: 4.3 | I124: Pass | K124: Not Determined | L124: 5.5 | M124: Pass | O124: Not Determined | P124: 5.2 | R124: 6 | S124: Pass | T124: 5.43 | U124: Pass | V124: 8.32 | W124: Pass | X124: 7.1 | Y124: Pass | Z124: 8.7 | AA124: Fail
T126: =COUNTIF(T5:T124,"<=9") -> 106 | U126: Pass | V126: =COUNTIF(V5:V124,"<=9") -> 99 | W126: Pass | X126: =COUNTIF(X5:X124,"<=9") -> 103 | Y126: Pass
T127: =120-(T126+T128) -> 8 | U127: Warning | V127: =120-(V126+V128) -> 15 | W127: Warning | X127: =120-(X126+X128) -> 11 | Y127: Warning
T128: =COUNTIF(T5:T124,">12") -> 6 | U128: Fail | V128: =COUNTIF(V5:V124,">12") -> 6 | W128: Fail | X128: =COUNTIF(X5:X124,">12") -> 6 | Y128: Fail
T129: =T127+T128 -> 14 | U129: Non-Healthy Batteries | V129: =V127+V128 -> 21 | W129: Non-Healthy Batteries | X129: =X127+X128 -> 17 | Y129: Non-Healthy Batteries

Sheet NMPF
A1: Battery Spec: 12 Volts 120 AH
A2: Brand: Exide Power Safe
A3: Sr. No. | B3: 43565 | C3: Comments - 4/10/2019 | D3: 20/1/2021 | E3: Comments - 20/1/2021
A4: 1 | B4: 3.4 | C4: Pass | D4: 3.41 | E4: Pass
A5: 2 | B5: 3.5 | C5: Pass | D5: 3.35 | E5: Pass
A6: 3 | B6: 3.7 | C6: Pass | D6: 3.61 | E6: Pass
A7: 4 | B7: 3.5 | C7: Pass | D7: 3.18 | E7: Pass
A8: 5 | B8: 3.4 | C8: Pass | D8: 3.46 | E8: Pass
A9: 6 | B9: 3.5 | C9: Pass | D9: 3.26 | E9: Pass
A10: 7 | B10: 3.4 | C10: Pass | D10: 3.34 | E10: Pass
A11: 8 | B11: 3.4 | C11: Pass | D11: 3.45 | E11: Pass
A12: 9 | B12: 3.3 | C12: Pass | D12: 3.22 | E12: Pass
A13: 10 | B13: 3.5 | C13: Pass | D13: 3.57 | E13: Pass
A14: 11 | B14: 3.4 | C14: Pass | D14: 3.4 | E14: Pass
A15: 12 | B15: 3.4 | C15: Pass | D15: 3.31 | E15: Pass
... A47: 44 | B47: 3.5 | C47: Pass | D47: 3.45 | E47: Pass

Sheet MBE Cells UPS
A1: AL & PC CELL MBE LAB 10 KVA UPS
A2: Battery Spec: | B2: 12 Volts 100 AH
A3: Brand: | B3: Exide Power-Safe Plus
A4: Sr. No. | B4: 43468 | C4: Comments - 1/3/2019 | D4: 29/3/2019 | E4: Comments - 29/3/2019 | F4: 27/6/2019 | G4: Comments - 27/6/2019 | H4: 19/8/2019 | I4: Comments - 19/8/2019 | J4: 27/9/2019 | K4: Comments - 27/9/2019 | L4: 31/10/2019 | M4: Comments - 31/10/2019 | N4: 27/11/2019 | O4: Comments - 27/11/2019 | P4: 43892 | Q4: Comments - 3/2/2020 | R4: 44024 | S4: Comments - 7/12/2020 | T4: 28/1/2021 | U4: Comments - 28/1/2021 | V4: 44264 | W4: Comments - 3/9/2021
A5: 1 | B5: 4 | C5: Pass | D5: 4 | E5: Pass | F5: 4.7 | G5: Pass | H5: 5.3 | I5: Pass | J5: 4.1 | K5: Pass | L5: 4.9 | M5: Pass | N5: 4.1 | O5: Pass | P5: 4.53 | Q5: Pass | R5: 4.18 | S5: Pass | T5: 4.42 | U5: Pass | V5: 4.83 | W5: Pass
A6: 2 | B6: 4 | C6: Pass | D6: 3.9 | E6: Pass | F6: 5.1 | G6: Pass | H6: 4.8 | I6: Pass | J6: 4.1 | K6: Pass | L6: 5.6 | M6: Pass | N6: 4.4 | O6: Pass | P6: 4.51 | Q6: Pass | R6: 5.15 | S6: Pass | T6: 5.29 | U6: Pass | V6: 5.3 | W6: Pass
A7: 3 | B7: 3.8 | C7: Pass | D7: 4.5 | E7: Pass | F7: 4.6 | G7: Pass | H7: 4.2 | I7: Pass | J7: 4.1 | K7: Pass | L7: 5 | M7: Pass | N7: 4.8 | O7: Pass | P7: 4.43 | Q7: Pass | R7: 5.28 | S7: Pass | T7: 4.59 | U7: Pass | V7: 5.2 | W7: Pass
A8: 4 | B8: 4.4 | C8: Pass | D8: 3.9 | E8: Pass | F8: 4.7 | G8: Pass | H8: 4.1 | I8: Pass | J8: 4.1 | K8: Pass | L8: 4.9 | M8: Pass | N8: 4.1 | O8: Pass | P8: 5.19 | Q8: Pass | R8: 5.41 | S8: Pass | T8: 4.97 | U8: Pass | V8: 5.19 | W8: Pass
A9: 5 | B9: 4.1 | C9: Pass | D9: 4 | E9: Pass | F9: 4.9 | G9: Pass | H9: 4.3 | I9: Pass | J9: 4.2 | K9: Pass | L9: 5 | M9: Pass | N9: 4.1 | O9: Pass | P9: 4.38 | Q9: Pass | R9: 16.02 | S9: Fail | T9: 9999 | U9: Fail | V9: 9999 | W9: Fail
A10: 6 | B10: 4.2 | C10: Pass | D10: 5 | E10: Pass | F10: 5 | G10: Pass | H10: 4 | I10: Pass | J10: 4.1 | K10: Pass | L10: 4.3 | M10: Pass | N10: 4 | O10: Pass | P10: 4.78 | Q10: Pass | R10: 4.12 | S10: Pass | T10: 4.13 | U10: Pass | V10: 5.1 | W10: Pass
A11: 7 | B11: 4.9 | C11: Pass | D11: 4 | E11: Pass | F11: 4.6 | G11: Pass | H11: 4.1 | I11: Pass | J11: 4.3 | K11: Pass | L11: 4.3 | M11: Pass | N11: 4.3 | O11: Pass | P11: 4.68 | Q11: Pass | R11: 4.34 | S11: Pass | T11: 4.37 | U11: Pass | V11: 5.54 | W11: Pass
A12: 8 | B12: 4 | C12: Pass | D12: 4.1 | E12: Pass | F12: 4.7 | G12: Pass | H12: 4 | I12: Pass | J12: 4.1 | K12: Pass | L12: 4 | M12: Pass | N12: 4.1 | O12: Pass | P12: 4.1 | Q12: Pass | R12: 4.16 | S12: Pass | T12: 4.2 | U12: Pass | V12: 4.1 | W12: Pass
A13: 9 | B13: 3.9 | C13: Pass | D13: 4.3 | E13: Pass | F13: 4.5 | G13: Pass | H13: 4.3 | I13: Pass | J13: 4 | K13: Pass | L13: 4.6 | M13: Pass | N13: 4 | O13: Pass | P13: 4.48 | Q13: Pass | R13: 5.01 | S13: Pass | T13: 4.98 | U13: Pass | V13: 4.83 | W13: Pass
A14: 10 | B14: 4.1 | C14: Pass | D14: 4.1 | E14: Pass | F14: 4.3 | G14: Pass | H14: 4 | I14: Pass | J14: 4 | K14: Pass | L14: 4 | M14: Pass | N14: 4 | O14: Pass | P14: 4.26 | Q14: Pass | R14: 4.23 | S14: Pass | T14: 4.2 | U14: Pass | V14: 4.05 | W14: Pass
A15: 11 | B15: 4.2 | C15: Pass | D15: 4.1 | E15: Pass | F15: 4.1 | G15: Pass | H15: 4 | I15: Pass | J15: 4 | K15: Pass | L15: 4 | M15: Pass | N15: 4 | O15: Pass | P15: 4.8 | Q15: Pass | R15: 4.17 | S15: Pass | T15: 4.19 | U15: Pass | V15: 4.1 | W15: Pass
A16: 12 | B16: 4.2 | C16: Pass | D16: 5.1 | E16: Pass | F16: 5.9 | G16: Pass | H16: 4 | I16: Pass | J16: 4 | K16: Pass | L16: 5.1 | M16: Pass | N16: 4 | O16: Pass | P16: 3.99 | Q16: Pass | R16: 7.04 | S16: Pass | T16: 8.92 | U16: Pass | V16: 8.54 | W16: Pass
... A24: 20 | B24: 4.2 | C24: Pass | D24: 3.9 | E24: Pass | F24: 4.6 | G24: Pass | H24: 3.9 | I24: Pass | J24: 4.1 | K24: Pass | L24: 3.9 | M24: Pass | N24: 4.1 | O24: Pass | P24: 4.06 | Q24: Pass | R24: 4.25 | S24: Pass | T24: 4.15 | U24: Pass | V24: 7.7 | W24: Pass
A26: GAL 6 SC SIR MBE LAB 10 KVA UPS
A27: Battery Spec: | B27: 12 Volts 65 AH
A28: Brand: | B28: Exide Power-Safe Plus
A29: Sr. No. | B29: 43468 | C29: Comments - 1/3/2019 | D29: 29/3/2019 | E29: Comments - 29/3/2019 | F29: 27/6/2019 | G29: Comments - 27/6/2019 | H29: 19/8/2019 | I29: Comments - 19/8/2019 | J29: 27/9/2019 | K29: Comments - 27/9/2019 | L29: 31/10/2019 | M29: Comments - 31/10/2019 | N29: 27/11/2019 | O29: Comments - 27/11/2019 | S29: 44024 | T29: Comments - 7/12/2020 | V29: 27/4/2021 | W29: Comments - 27/4/2021
A30: 1 | B30: 9.4 | C30: Pass | D30: 9.5 | E30: Pass | F30: 11.4 | G30: Pass | H30: 11.6 | I30: Pass | J30: 28.8 | K30: FAIL | L30: 7.5 | M30: Pass | N30: 8.1 | O30: Fail | Q30: 4.53 | S30: 6.97 | T30: Pass | V30: 2.8 | W30: Pass
A31: 2 | B31: 8.8 | C31: Pass | D31: 8.2 | E31: Pass | F31: 8.6 | G31: Pass | H31: 8.5 | I31: Pass | J31: 290.3 | K31: FAIL | L31: 246.8 | M31: Fail | N31: 7.2 | O31: Fail | Q31: 4.51 | S31: 4.69 | T31: Pass | V31: 3.2 | W31: Pass
A32: 3 | B32: 9.5 | C32: Pass | D32: 8.3 | E32: Pass | F32: 9.1 | G32: Pass | H32: 9.7 | I32: Pass | J32: 9999 | K32: FAIL | L32: 6.6 | M32: Pass | N32: 11 | O32: Fail | Q32: 4.43 | S32: 6.61 | T32: Pass | V32: 3.2 | W32: Pass
A33: 4 | B33: 8.3 | C33: Pass | D33: 7.9 | E33: Pass | F33: 8.3 | G33: Pass | H33: 8.6 | I33: Pass | J33: 9999 | K33: FAIL | L33: 6.2 | M33: Pass | N33: 7.9 | O33: Fail | Q33: 5.19 | S33: 7.85 | T33: Pass | V33: 3.2 | W33: Pass
A34: 5 | B34: 9.1 | C34: Pass | D34: 8.7 | E34: Pass | F34: 9.7 | G34: Pass | H34: 10.9 | I34: Pass | J34: 9999 | K34: FAIL | L34: 6.7 | M34: Pass | N34: 6.2 | O34: Fail | Q34: 4.38 | S34: 7.18 | T34: Pass | V34: 3.4 | W34: Pass
A35: 6 | B35: 8.2 | C35: Pass | D35: 8.2 | E35: Pass | F35: 8.9 | G35: Pass | H35: 9.3 | I35: Pass | J35: 9999 | K35: FAIL | L35: 10 | M35: Pass | N35: 5.9 | O35: Fail | Q35: 4.78 | S35: 12.09 | T35: Warning | V35: 2.8 | W35: Pass
A36: 7 | B36: 7.6 | C36: Pass | D36: 8.5 | E36: Pass | F36: 9 | G36: Pass | H36: 9.4 | I36: Pass | J36: 9999 | K36: FAIL | L36: 5.7 | M36: Pass | N36: 9999 | O36: Fail | Q36: 4.68 | S36: 6.4 | T36: Pass | V36: 3.1 | W36: Pass
A37: 8 | B37: 7.9 | C37: Pass | D37: 9 | E37: Pass | F37: 9.6 | G37: Pass | H37: 10.2 | I37: Pass | J37: 9999 | K37: FAIL | L37: 8.9 | M37: Pass | N37: 5.2 | O37: Pass | Q37: 4.1 | S37: 10.37 | T37: Pass | V37: 3.5 | W37: Pass
A38: 9 | B38: 8.6 | C38: Pass | D38: 10.4 | E38: Pass | F38: 11.5 | G38: Pass | H38: 11 | I38: Pass | J38: 9999 | K38: FAIL | L38: 11.2 | M38: Pass | N38: 10.2 | O38: Pass | Q38: 4.48 | S38: 8.16 | T38: Pass | V38: 3.2 | W38: Pass
A39: 10 | B39: 8.1 | C39: Pass | D39: 8.2 | E39: Pass | F39: 8.8 | G39: Pass | H39: 9.2 | I39: Pass | J39: 9999 | K39: FAIL | L39: 8.7 | M39: Pass | N39: 5.5 | O39: Pass | Q39: 4.26 | S39: 7.21 | T39: Pass | V39: 3.2 | W39: Pass
A40: 11 | B40: 8.5 | C40: Pass | D40: 7.7 | E40: Pass | F40: 8 | G40: Pass | H40: 8.5 | I40: Pass | J40: 9999 | K40: FAIL | L40: 29.4 | M40: Fail | N40: 5.7 | O40: Pass | Q40: 4.8 | S40: 23.05 | T40: Fail | V40: 3 | W40: Pass
A41: 12 | B41: 9 | C41: Pass | D41: 7.9 | E41: Pass | F41: 8.3 | G41: Pass | H41: 8.8 | I41: Pass | J41: 9999 | K41: FAIL | L41: 10.2 | M41: Pass | N41: 5.7 | O41: Pass | Q41: 3.99 | S41: 9.75 | T41: Pass | V41: 3.2 | W41: Pass
B42: 9.3 | D42: 10 | F42: 153.4 | H42: 191.7 | L42: 7.9 | N42: 5.9 | Q42: 4.39 | S42: 15.44 | T42: Warning | V42: 2.8 | W42: Pass
A43: GAL EURO MBE LAB LAHA SIR 10 KVA UPS | B43: 7.7 | C43: UPS Not In Use Since Sept 2018 | D43: 9 | F43: 10.7 | H43: 10.4 | L43: 136.6 | N43: 26.7 | Q43: 6.27 | S43: 9.95 | T43: Pass | V43: 2.6 | W43: Pass
A44: Battery Spec: 12 Volts 65 AH | B44: 8.2 | D44: 9.7 | F44: 11.9 | H44: 12.5 | L44: 7.4 | N44: 6.6 | Q44: 4.03 | S44: 8 | T44: Pass | V44: 2.6 | W44: Pass
A45: Brand: Amara Raja QUANTA | B45: 7.9 | D45: 8.4 | F45: 9.4 | H45: 10.1 | L45: 14.4 | N45: 5.6 | Q45: 4.03 | S45: 6.57 | T45: Pass | V45: 3.1 | W45: Pass
A46: Sr. No. | B46: 43468 | C46: Comments - 1/3/2019 | D46: 29/3/2019 | E46: Comments - 29/3/2019 | F46: 27/6/2019 | G46: Comments - 27/6/2019 | H46: 19/8/2019 | I46: Comments - 19/8/2019 | J46: 27/9/2019 | K46: Comments - 27/9/2019 | L46: 31/10/2019 | M46: Comments - 31/10/2019 | N46: 27/11/2019 | O46: Comments - 27/11/2019 | Q46: 4.91 | S46: 25/1/2021 | T46: Comments - 25/1/2021 | V46: 44264 | W46: Comments - 9/3/2021
A47: 1 | B47: 4.2 | D47: 7.2 | F47: 7.6 | H47: 9 | J47: 4 | L47: 6.4 | N47: 4 | P47: 4.07 | Q47: 3.95 | S47: 9999 | T47: Fail | V47: 7.63 | W47: Pass
A48: 2 | B48: 6.8 | D48: 7.1 | F48: 7.2 | H48: 12.4 | J48: 4.2 | L48: 7.4 | N48: 4.9 | P48: 4.92 | Q48: 4.02 | S48: 4.61 | T48: Pass | V48: 7.9 | W48: Pass
A49: 3 | B49: 4.8 | D49: 6.9 | F49: 7.8 | H49: 5.7 | J49: 4.9 | L49: 7.9 | N49: 4.1 | P49: 4.13 | Q49: 4.06 | S49: 4.21 | T49: Pass | V49: 7.23 | W49: Pass
A50: 4 | B50: 4.2 | D50: 4.4 | F50: 7.6 | H50: 6.6 | J50: 7.2 | L50: 7.7 | N50: 4.1 | P50: 6.39 | S50: 4.29 | T50: Pass | V50: 8.67 | W50: Pass
A51: 5 | B51: 4.2 | D51: 4.5 | F51: 6.9 | H51: 8.6 | J51: 4.7 | L51: 6.1 | N51: 4.1 | P51: 4.33 | S51: 4.31 | T51: Pass | V51: 5.73 | W51: Pass
A52: 6 | B52: 6.8 | D52: 4.4 | F52: 9 | H52: 12.3 | J52: 4.2 | L52: 10 | N52: 4.1 | P52: 4.76 | S52: 4.1 | T52: Pass | V52: 13.46 | W52: Warning
A53: 7 | B53: 4.2 | D53: 4.4 | F53: 6 | H53: 6.9 | J53: 4.2 | L53: 5.7 | N53: 4.1 | P53: 4.53 | S53: 4.9 | T53: Pass | V53: 4.68 | W53: Pass
A54: 8 | B54: 4.3 | D54: 4.6 | F54: 8.9 | H54: 7.1 | J54: 9.2 | L54: 9.9 | N54: 4.7 | P54: 4.9 | S54: 4.09 | T54: Pass | V54: 10.82 | W54: Pass
A55: 9 | B55: 5.2 | D55: 4.1 | F55: 4.5 | H55: 9.2 | J55: 4.2 | L55: 6.5 | N55: 4 | P55: 4.14 | S55: 4.53 | T55: Pass | V55: 7.21 | W55: Pass
A56: 10 | B56: 4.6 | D56: 4.2 | F56: 4.4 | H56: 7.6 | J56: 4.4 | L56: 6.4 | N56: 4.2 | P56: 4.36 | S56: 4.01 | T56: Pass | V56: 7.41 | W56: Pass
A57: 11 | B57: 4.9 | D57: 4.4 | F57: 5 | H57: 26.2 | J57: 4.2 | L57: 23.5 | N57: 4.5 | P57: 4.64 | S57: 4.09 | T57: Pass | V57: 23.16 | W57: Fail
A58: 12 | B58: 4.8 | D58: 4.2 | F58: 7.3 | H58: 11.3 | J58: 4 | L58: 8.1 | N58: 4.1 | P58: 4.21 | S58: 4.03 | T58: Pass | V58: 9.95 | W58: Pass
A59: 13 | B59: 4.8 | D59: 4.1 | F59: 4 | H59: 7.3 | J59: 4.1 | L59: 10.8 | N59: 4 | P59: 6.29 | S59: 4.27 | T59: Pass | V59: 15.72 | W59: Warning
A60: 14 | B60: 4.8 | D60: 4.1 | F60: 6.3 | H60: 161.5 | J60: 4.2 | L60: 6.2 | N60: 4.8 | P60: 7.55 | S60: 8.9 | T60: Pass | V60: 10.54 | W60: Pass
A61: 15 | B61: 5.4 | D61: 4.2 | F61: 5.6 | H61: 5.7 | J61: 4.2 | L61: 4.7 | N61: 4.2 | P61: 9 | S61: 4.32 | T61: Pass | V61: 7.16 | W61: Pass
A62: 16 | B62: 4.7 | D62: 4 | F62: 6.4 | H62: 12.1 | J62: 3.9 | L62: 4 | N62: 4.6 | P62: 11.4 | S62: 4.49 | T62: Pass | V62: 6.96 | W62: Pass
V63: 6.96 | W63: Pass
A64: New MBE 10 KVA
A67: 44264 | B67: Comments - 9/3/2021 | D67: 27/4/2021 | E67: Comments - 27/4/2021
A68: 3.32 | B68: Pass | D68: 4.9 | E68: Pass
A69: 3.16 | B69: Pass | D69: 4.8 | E69: Pass
A70: 3.2 | B70: Pass | D70: 5.2 | E70: Pass
A71: 3.18 | B71: Pass | D71: 4.1 | E71: Pass
A72: 3.55 | B72: Pass | D72: 5.6 | E72: Pass
A73: 3.14 | B73: Pass | D73: 4.6 | E73: Pass
A74: 3.35 | B74: Pass | D74: 5.1 | E74: Pass
A75: 3.49 | B75: Pass | D75: 4 | E75: Pass
A76: 3.37 | B76: Pass | D76: 4.4 | E76: Pass
A77: 3.24 | B77: Pass | D77: 4.6 | E77: Pass
A78: 3.15 | B78: Pass | D78: 3.9 | E78: Pass
A79: 2.75 | B79: Pass | D79: 4.2 | E79: Pass
... A83: 2.91 | B83: Pass | D83: 4.4 | E83: Pass

Sheet Other IITBNF UPS 
A1: EC Lab 10 KVA UPS
A2: Battery Spec: | B2: 12 Volts 65 AH
A3: Brand: | B3: Exide Power-Safe
A4: Sr. No. | B4: 43468 | C4: Comments - 1/3/2019 | D4: 29/3/2019 | E4: Comments - 29/3/2019 | F4: 27/6/2019 | G4: Comments - 27/6/2019 | I4: 19/8/2019 | J4: Comments - 19/8/2019 | K4: 27/9/2019 | L4: Comments - 27/9/2019 | M4: 31/10/2019 | N4: Comments - 31/10/2019 | O4: 43508 | P4: Comments - 2/12/2019 | Q4: 44075 | R4: Comments - 9/1/2020 | S4: 44055 | T4: Comments - 8/12/2020 | U4: 28/1/2021 | V4: Comments - 28/1/2021 | W4: 44442 | X4: Comments - 9/3/2021 | Y4: 27/4/2021 | Z4: Comments - 27/4/2021
A5: 1 | B5: 6.3 | C5: Pass | D5: 4.7 | E5: Pass | F5: 5.8 | G5: Pass | I5: 9.3 | J5: Pass | K5: 5.8 | L5: Pass | M5: 7.6 | N5: Pass | O5: 6.3 | P5: Pass | Q5: 5.22 | R5: Pass | S5: 7.88 | T5: Pass | U5: 7.59 | V5: Pass | W5: 8.55 | X5: Pass | Y5: 6.1 | Z5: Pass
A6: 2 | B6: 6.4 | C6: Pass | D6: 4.9 | E6: Pass | F6: 6.1 | G6: Pass | I6: 9.8 | J6: Pass | K6: 7.1 | L6: Pass | M6: 7.5 | N6: Pass | O6: 8.3 | P6: Pass | Q6: 5.45 | R6: Pass | S6: 8.85 | T6: Pass | U6: 6.67 | V6: Pass | W6: 12.04 | X6: Warning | Y6: 7.1 | Z6: Pass
A7: 3 | B7: 6.5 | C7: Pass | D7: 5.4 | E7: Pass | F7: 5 | G7: Pass | I7: 20.8 | J7: Fail | K7: 5.7 | L7: Pass | M7: 6.9 | N7: Pass | O7: 5.6 | P7: Pass | Q7: 5.86 | R7: Pass | S7: 6.7 | T7: Pass | U7: 7.45 | V7: Pass | W7: 13.87 | X7: Warning | Y7: 6.9 | Z7: Pass
A8: 4 | B8: 7.5 | C8: Pass | D8: 6.2 | E8: Pass | F8: 5 | G8: Pass | I8: 9.2 | J8: Pass | K8: 4.9 | L8: Pass | M8: 5.2 | N8: Pass | O8: 5.5 | P8: Pass | Q8: 5.61 | R8: Pass | S8: 6.31 | T8: Pass | U8: 6.46 | V8: Pass | W8: 9.66 | X8: Pass | Y8: 9.1 | Z8: Pass
A9: 5 | B9: 8 | C9: Pass | D9: 5.7 | E9: Pass | F9: 4.7 | G9: Pass | I9: 11.9 | J9: Pass | K9: 4.6 | L9: Pass | M9: 6.2 | N9: Pass | O9: 4.9 | P9: Pass | Q9: 6.2 | R9: Pass | S9: 5.9 | T9: Pass | U9: 5.92 | V9: Pass | W9: 10.88 | X9: Pass | Y9: 8.4 | Z9: Pass
A10: 6 | B10: 5.2 | C10: Pass | D10: 5.2 | E10: Pass | F10: 5.7 | G10: Pass | I10: 11.1 | J10: Pass | K10: 5.5 | L10: Pass | M10: 5.6 | N10: Pass | O10: 5.6 | P10: Pass | Q10: 5.84 | R10: Pass | S10: 6.39 | T10: Pass | U10: 6.52 | V10: Pass | W10: 10.33 | X10: Pass | Y10: 6.9 | Z10: Pass
A11: 7 | B11: 6.1 | C11: Pass | D11: 5.2 | E11: Pass | F11: 116.9 | G11: Fail | I11: 13 | J11: Pass | K11: 179.7 | L11: Fail | M11: 9999 | N11: Fail | O11: 9999 | P11: Fail | Q11: 6.89 | R11: Pass | S11: 9999 | T11: Fail | U11: 9999 | V11: Fail | W11: 9.71 | X11: Pass | Y11: 7.8 | Z11: Pass
A12: 8 | B12: 6.1 | C12: Pass | D12: 6.5 | E12: Pass | F12: 7.1 | G12: Pass | I12: 9.4 | J12: Pass | K12: 6.9 | L12: Pass | M12: 6.7 | N12: Pass | O12: 9999 | P12: Fail | Q12: 5.39 | R12: Pass | S12: 8 | T12: Pass | U12: 6.06 | V12: Pass | W12: 10.5 | X12: Pass | Y12: 6.5 | Z12: Pass
A13: 9 | B13: 5.5 | C13: Pass | D13: 6.5 | E13: Pass | F13: 5.7 | G13: Pass | I13: 10.5 | J13: Pass | K13: 6.6 | L13: Pass | M13: 7.7 | N13: Pass | O13: 4.9 | P13: Pass | Q13: 9999 | R13: Fail | S13: 7.2 | T13: Pass | U13: 7.2 | V13: Pass | W13: 8.93 | X13: Pass | Y13: 9999 | Z13: Fail
A14: 10 | B14: 5 | C14: Pass | D14: 5.2 | E14: Pass | F14: 5.3 | G14: Pass | I14: 10.8 | J14: Pass | K14: 5.1 | L14: Pass | M14: 6 | N14: Pass | O14: 5.7 | P14: Pass | Q14: 5.99 | R14: Pass | S14: 6.25 | T14: Pass | U14: 6.28 | V14: Pass | W14: 9.46 | X14: Pass | Y14: 6 | Z14: Pass
A15: 11 | B15: 5.2 | C15: Pass | D15: 6.8 | E15: Pass | F15: 6.1 | G15: Pass | I15: 12.7 | J15: Warning | K15: 6.2 | L15: Pass | M15: 6.2 | N15: Pass | O15: 5.2 | P15: Pass | Q15: 5.86 | R15: Pass | S15: 6.82 | T15: Pass | U15: 9.83 | V15: Pass | W15: 12.18 | X15: Warning | Y15: 7.5 | Z15: Pass
A16: 12 | B16: 6.5 | C16: Pass | D16: 5.4 | E16: Pass | F16: 5.6 | G16: Pass | I16: 11.1 | J16: Pass | K16: 5.5 | L16: Pass | M16: 5.6 | N16: Pass | O16: 8.1 | P16: Pass | Q16: 7.33 | R16: Pass | S16: 8.24 | T16: Pass | U16: 6.98 | V16: Pass | W16: 11.51 | X16: Pass | Y16: 8.5 | Z16: Pass
... A19: 15 | B19: 6.5 | C19: Pass | D19: 5.4 | E19: Pass | F19: 5.5 | G19: Pass | I19: 11.2 | J19: Pass | K19: 5.4 | L19: Pass | M19: 5.5 | N19: Pass | O19: 6.9 | P19: Pass | Q19: 6.52 | R19: Pass | S19: 9.14 | T19: Pass | U19: 7.06 | V19: Pass | W19: 8.58 | X19: Pass | Y19: 9.1 | Z19: Pass
I20: 9.7 | O20: 5.5 | P20: Pass
A21: MCL UPS 1 15 KVA | I21: 8.8
A22: Battery Spec: | B22: 12 Volts 26 AH | I22: 9.3
A23: Brand: | B23: Exide Power-Safe | I23: 9.4
A24: Sr. No. | B24: 43468 | C24: Comments - 1/3/2019 | D24: 29/3/2019 | E24: Comments - 29/3/2019 | F24: 27/6/2019 | G24: Comments - 27/6/2019 | H24: 19/8/2019 | I24: 9.5 | J24: Comments - 19/8/2019 | K24: 27/9/2019 | L24: Comments - 27/9/2019 | M24: 31/10/2019 | N24: Comments - 31/10/2019 | O24: 29/11/2019 | P24: Comments - 29/11/2019 | Q24: 44075 | R24: Comments - 9/1/2020 | S24: 44055 | T24: Comments - 8/12/2020 | U24: 28/1/2021 | V24: Comments - 28/1/2021 | W24: 44442 | X24: Comments - 9/3/2021 | Y24: 27/4/2021 | Z24: Comments - 27/4/2021
A25: 1 | F25: 12.1 | G25: Pass | H25: 10 | J25: Pass | K25: 10.3 | L25: Pass | M25: 12.2 | N25: Pass | O25: 10.5 | P25: Pass | Q25: 11.02 | R25: Pass | S25: 15.37 | T25: Warning | U25: 18 | V25: Warning | W25: 16.24 | X25: Warning | Y25: 17.5 | Z25: Warning
A26: 2 | F26: 13.1 | G26: Pass | H26: 11.2 | J26: Pass | K26: 10 | L26: Pass | M26: 13.9 | N26: Pass | O26: 10.2 | P26: Pass | Q26: 11.29 | R26: Pass | S26: 15.5 | T26: Warning | U26: 28.29 | V26: Fail | W26: 17.14 | X26: Warning | Y26: 11.9 | Z26: Pass
A27: 3 | F27: 12.2 | G27: Pass | H27: 10.2 | J27: Pass | K27: 9.6 | L27: Pass | M27: 12.8 | N27: Pass | O27: 9.8 | P27: Pass | Q27: 9.96 | R27: Pass | S27: 13.77 | T27: Pass | U27: 21.01 | V27: Fail | W27: 14.53 | X27: Pass | Y27: 15.6 | Z27: Warning
A28: 4 | F28: 11.2 | G28: Pass | H28: 10.3 | J28: Pass | K28: 10.2 | L28: Pass | M28: 11.3 | N28: Pass | O28: 10.3 | P28: Pass | Q28: 10.48 | R28: Pass | S28: 14.99 | T28: Pass | U28: 16.08 | V28: Warning | W28: 16.5 | X28: Warning | Y28: 18 | Z28: Warning
A29: 5 | F29: 11.6 | G29: Pass | H29: 11.1 | J29: Pass | K29: 9.7 | L29: Pass | M29: 11.8 | N29: Pass | O29: 9.8 | P29: Pass | Q29: 10.57 | R29: Pass | S29: 14.3 | T29: Pass | U29: 16.65 | V29: Warning | W29: 16.55 | X29: Warning | Y29: 12.8 | Z29: Pass
A30: 6 | F30: 12.9 | G30: Pass | H30: 10 | J30: Pass | K30: 12.5 | L30: Pass | M30: 12.9 | N30: Pass | O30: 11.7 | P30: Pass | Q30: 11.08 | R30: Pass | S30: 19.23 | T30: Warning | U30: 15.97 | V30: Warning | W30: 21.29 | X30: Fail | Y30: 23.9 | Z30: Fail
A31: 7 | F31: 11.2 | G31: Pass | H31: 11.9 | J31: Pass | K31: 13.7 | L31: Pass | M31: 11.4 | N31: Pass | O31: 12.5 | P31: Pass | Q31: 12.66 | R31: Pass | S31: 26.58 | T31: Fail | U31: 16.87 | V31: Warning | W31: 28.84 | X31: Fail | Y31: 39.7 | Z31: Fail
A32: 8 | F32: 12 | G32: Pass | H32: 9.6 | J32: Pass | K32: 11.9 | L32: Pass | M32: 12.2 | N32: Pass | O32: 10.6 | P32: Pass | Q32: 11.98 | R32: Pass | S32: 16.99 | T32: Warning | U32: 16.5 | V32: Warning | W32: 18.38 | X32: Warning | Y32: 14.6 | Z32: Pass
A33: 9 | F33: 11.6 | G33: Pass | H33: 12.1 | J33: Pass | K33: 10.5 | L33: Pass | M33: 11 | N33: Pass | O33: 9.7 | P33: Pass | Q33: 10.11 | R33: Pass | S33: 13.23 | T33: Pass | U33: 15.02 | V33: Warning | W33: 14.85 | X33: Pass | Y33: 15.9 | Z33: Warning
A34: 10 | F34: 11.4 | G34: Pass | H34: 11.4 | J34: Pass | K34: 9.6 | L34: Pass | M34: 9.8 | N34: Pass | O34: 10.6 | P34: Pass | Q34: 9.72 | R34: Pass | S34: 11.7 | T34: Pass | U34: 14.4 | V34: Pass | W34: 13.69 | X34: Pass | Y34: 16 | Z34: Warning
A35: 11 | F35: 10.9 | G35: Pass | H35: 10.6 | J35: Pass | K35: 10.7 | L35: Pass | M35: 9.5 | N35: Pass | O35: 11.8 | P35: Pass | Q35: 10.95 | R35: Pass | S35: 17.56 | T35: Warning | U35: 13.9 | V35: Pass | W35: 13.5 | X35: Pass | Y35: 13.5 | Z35: Pass
A36: 12 | F36: 11 | G36: Pass | H36: 11.5 | J36: Pass | K36: 10.4 | L36: Pass | M36: 9.8 | N36: Pass | O36: 11.8 | P36: Pass | Q36: 11.17 | R36: Pass | S36: 14.96 | T36: Pass | U36: 13.81 | V36: Pass | W36: 13.15 | X36: Pass | Y36: 14 | Z36: Pass
... A56: 32 | F56: 10.4 | G56: Pass | H56: 10 | J56: Pass | K56: 11.3 | L56: Pass | M56: 10.9 | N56: Pass | O56: 9.8 | P56: Pass | Q56: 10.87 | R56: Pass | S56: 10.77 | T56: Pass | U56: 13.79 | V56: Pass | W56: 12.8 | X56: Pass | Y56: 15.8 | Z56: Warning
A58: MCL UPS 2 15 KVA
A59: Battery Spec: | B59: 12 Volts 26 AH
A60: Brand: | B60: Exide Power-Safe
A61: Sr. No. | B61: 43468 | C61: Comments - 1/3/2019 | D61: 29/3/2019 | E61: Comments - 29/3/2019 | F61: 27/6/2019 | G61: Comments - 27/6/2019 | H61: 19/8/2019 | J61: Comments - 19/8/2019 | K61: 27/9/2019 | L61: Comments - 27/9/2019 | M61: 31/10/2019 | N61: Comments - 31/10/2019 | O61: 43508 | P61: Comments - 2/12/2019 | Q61: 44075 | R61: Comments - 9/1/2020 | S61: 44055 | T61: Comments - 8/12/2020 | U61: 28/1/2021 | V61: Comments - 28/1/2021 | W61: 44442 | X61: Comments - 9/3/2021 | Y61: 27/4/2021 | Z61: Comments - 27/4/2021
A62: 1 | F62: 12.1 | G62: Pass | H62: 5.7 | J62: Pass | K62: 12.2 | L62: Pass | M62: 10 | N62: Pass | O62: 12.5 | P62: Pass | Q62: 12.17 | R62: Pass | S62: 16.57 | T62: Warning | U62: 18.53 | V62: Warning | W62: 12.47 | X62: Pass | Y62: 16.4 | Z62: Warning
A63: 2 | F63: 13.1 | G63: Pass | H63: 5.8 | J63: Pass | K63: 10.1 | L63: Pass | M63: 23.8 | N63: Warning | O63: 18.3 | P63: Warning | Q63: 19.24 | R63: Warning | S63: 15.66 | T63: Warning | U63: 16.01 | V63: Warning | W63: 11.33 | X63: Pass | Y63: 18.4 | Z63: Warning
A64: 3 | F64: 12.2 | G64: Pass | H64: 5.7 | J64: Pass | K64: 10.3 | L64: Pass | M64: 12.1 | N64: Pass | O64: 11.4 | P64: Pass | Q64: 12.39 | R64: Pass | S64: 12.41 | T64: Pass | U64: 12.59 | V64: Pass | W64: 12.09 | X64: Pass | Y64: 16.7 | Z64: Warning
A65: 4 | F65: 11.2 | G65: Pass | H65: 4.9 | J65: Pass | K65: 10 | L65: Pass | M65: 9.6 | N65: Pass | O65: 8.8 | P65: Pass | Q65: 11.66 | R65: Pass | S65: 17.07 | T65: Warning | U65: 17.75 | V65: Warning | W65: 13.6 | X65: Pass | Y65: 18 | Z65: Warning
A66: 5 | F66: 11.6 | G66: Pass | H66: 5.9 | J66: Pass | K66: 10 | L66: Pass | M66: 11.9 | N66: Pass | O66: 10.2 | P66: Pass | Q66: 11.18 | R66: Pass | S66: 14.36 | T66: Pass | U66: 14.24 | V66: Pass | W66: 12.05 | X66: Pass | Y66: 17.4 | Z66: Warning
A67: 6 | F67: 12.9 | G67: Pass | H67: 6.5 | J67: Pass | K67: 11 | L67: Pass | M67: 10.5 | N67: Pass | O67: 10.4 | P67: Pass | Q67: 11.25 | R67: Pass | S67: 22.78 | T67: Fail | U67: 24.08 | V67: Fail | W67: 10.37 | X67: Pass | Y67: 22.6 | Z67: Fail
A68: 7 | F68: 11.2 | G68: Pass | H68: 9999 | J68: Fail | K68: 9.5 | L68: Pass | M68: 10.8 | N68: Pass | O68: 9.5 | P68: Pass | Q68: 10.43 | R68: Pass | S68: 22.47 | T68: Fail | U68: 22.88 | V68: Fail | W68: 15.25 | X68: Warning | Y68: 31.7 | Z68: Fail
A69: 8 | F69: 12 | G69: Pass | H69: 7.5 | J69: Pass | K69: 9.6 | L69: Pass | M69: 11.1 | N69: Pass | O69: 10.5 | P69: Pass | Q69: 10.81 | R69: Pass | S69: 12.52 | T69: Pass | U69: 12.94 | V69: Pass | W69: 14.59 | X69: Pass | Y69: 19.1 | Z69: Warning
A70: 9 | F70: 11.6 | G70: Pass | H70: 6.4 | J70: Pass | K70: 12.3 | L70: Pass | M70: 11.9 | N70: Pass | O70: 11.4 | P70: Pass | Q70: 12.64 | R70: Pass | S70: 15.49 | T70: Warning | U70: 14.98 | V70: Pass | W70: 11.44 | X70: Pass | Y70: 14.8 | Z70: Pass
A71: 10 | F71: 11.4 | G71: Pass | H71: 5.1 | J71: Pass | K71: 12.4 | L71: Pass | M71: 10.7 | N71: Pass | O71: 9.9 | P71: Pass | Q71: 13.78 | R71: Pass | S71: 14.54 | T71: Pass | U71: 14.53 | V71: Pass | W71: 12.57 | X71: Pass | Y71: 14.3 | Z71: Pass
A72: 11 | F72: 10.9 | G72: Pass | H72: 6.2 | J72: Pass | K72: 11.9 | L72: Pass | M72: 15.7 | N72: Warning | O72: 10.9 | P72: Pass | Q72: 10.66 | R72: Pass | S72: 15.89 | T72: Warning | U72: 16.12 | V72: Warning | W72: 12.74 | X72: Pass | Y72: 20.1 | Z72: Fail
A73: 12 | F73: 11 | G73: Pass | H73: 6.1 | J73: Pass | K73: 11.6 | L73: Pass | M73: 11.9 | N73: Pass | O73: 12.3 | P73: Pass | Q73: 12.46 | R73: Pass | S73: 16.41 | T73: Warning | U73: 16.91 | V73: Warning | W73: 11.29 | X73: Pass | Y73: 17.3 | Z73: Warning
... A76: 15 | F76: 11.4 | G76: Pass | H76: 5.9 | J76: Pass | K76: 9.7 | L76: Pass | M76: 10.8 | N76: Pass | O76: 10.7 | P76: Pass | Q76: 10.05 | R76: Pass | S76: 19.44 | T76: Warning | U76: 20.05 | V76: Fail | W76: 13.03 | X76: Pass | Y76: 14.7 | Z76: Pass
A77: 16 | F77: 10.9 | G77: Pass | K77: 10.5 | L77: Pass | M77: 11.6 | N77: Pass | O77: 10.3 | P77: Pass | Q77: 11.08 | R77: Pass | S77: 16.66 | T77: Warning | U77: 18.36 | V77: Warning | W77: 11.49 | X77: Pass | Y77: 12.9 | Z77: Pass
A78: 17 | F78: 12.8 | G78: Pass | K78: 9.6 | L78: Pass | M78: 10.3 | N78: Pass | O78: 9.8 | P78: Pass | Q78: 9.56 | R78: Pass | S78: 11.57 | T78: Pass | U78: 11.18 | V78: Pass | W78: 19.32 | X78: Warning | Y78: 17 | Z78: Warning
A79: 18 | F79: 12.1 | G79: Pass | K79: 9.8 | L79: Pass | M79: 10.5 | N79: Pass | O79: 9.5 | P79: Pass | Q79: 9.7 | R79: Pass | S79: 13.57 | T79: Pass | U79: 13.66 | V79: Pass | W79: 15.64 | X79: Warning | Y79: 16.1 | Z79: Warning
A80: 19 | F80: 12.8 | G80: Pass | K80: 9.9 | L80: Pass | M80: 10.4 | N80: Pass | O80: 10 | P80: Pass | Q80: 9.66 | R80: Pass | S80: 13.61 | T80: Pass | U80: 13.68 | V80: Pass | W80: 21.9 | X80: Fail | Y80: 14.5 | Z80: Pass
A81: 20 | F81: 11.6 | G81: Pass | K81: 9.1 | L81: Pass | M81: 10.9 | N81: Pass | O81: 9.2 | P81: Pass | Q81: 8.95 | R81: Pass | S81: 12.29 | T81: Pass | U81: 13.4 | V81: Pass | W81: 13.75 | X81: Pass | Y81: 14.7 | Z81: Pass
A82: 21 | F82: 11.8 | G82: Pass | K82: 9.4 | L82: Pass | M82: 10.6 | N82: Pass | O82: 9.5 | P82: Pass | Q82: 10.34 | R82: Pass | S82: 11.46 | T82: Pass | U82: 11.6 | V82: Pass | W82: 17.04 | X82: Warning | Y82: 18 | Z82: Warning
A83: 22 | F83: 11.6 | G83: Pass | K83: 9.1 | L83: Pass | M83: 11.6 | N83: Pass | O83: 9.7 | P83: Pass | Q83: 11.64 | R83: Pass | S83: 12.03 | T83: Pass | U83: 12.57 | V83: Pass | W83: 15.05 | X83: Warning | Y83: 12.9 | Z83: Pass
A84: 23 | F84: 10.7 | G84: Pass | K84: 9.3 | L84: Pass | M84: 11.7 | N84: Pass | O84: 9.4 | P84: Pass | Q84: 10.62 | R84: Pass | S84: 11.46 | T84: Pass | U84: 11.73 | V84: Pass | W84: 15.96 | X84: Warning | Y84: 10.9 | Z84: Pass
A85: 24 | F85: 9.8 | G85: Pass | K85: 8.8 | L85: Pass | M85: 11.2 | N85: Pass | O85: 9.5 | P85: Pass | Q85: 9.29 | R85: Pass | S85: 12.76 | T85: Pass | U85: 13.03 | V85: Pass | W85: 16.12 | X85: Warning | Y85: 17.1 | Z85: Warning
A86: 25 | F86: 10.3 | G86: Pass | K86: 11.1 | L86: Pass | M86: 11.6 | N86: Pass | O86: 10.5 | P86: Pass | Q86: 10.42 | R86: Pass | S86: 12.18 | T86: Pass | U86: 11.45 | V86: Pass | W86: 18.02 | X86: Warning | Y86: 13.6 | Z86: Pass
A87: 26 | F87: 9.8 | G87: Pass | K87: 8.7 | L87: Pass | M87: 11.1 | N87: Pass | O87: 9.9 | P87: Pass | Q87: 9.66 | R87: Pass | S87: 13.14 | T87: Pass | U87: 13.42 | V87: Pass | W87: 13.39 | X87: Pass | Y87: 13.2 | Z87: Pass
A88: 27 | F88: 11.1 | G88: Pass | K88: 9.8 | L88: Pass | M88: 10.5 | N88: Pass | O88: 9.8 | P88: Pass | Q88: 9.81 | R88: Pass | S88: 9.59 | T88: Pass | U88: 9.65 | V88: Pass | W88: 15.8 | X88: Warning | Y88: 13.2 | Z88: Pass
... A93: 32 | F93: 10.4 | G93: Pass | K93: 10.1 | L93: Pass | M93: 12.8 | N93: Pass | O93: 9.6 | P93: Pass | Q93: 9.96 | R93: Pass | S93: 12.68 | T93: Pass | U93: 13.25 | V93: Pass | W93: 13.9 | X93: Pass | Y93: 12.2 | Z93: Pass
S94: 12.6 | T94: Pass
A95: IT Team Office 5 KVA UPS
A96: Battery Spec:
A97: Brand:
A98: Sr. No. | B98: 43468 | C98: Comments - 1/3/2019 | D98: 29/3/2019 | E98: Comments - 29/3/2019 | F98: 27/6/2019 | G98: Comments - 27/6/2019 | K98: 27/9/2019 | L98: Comments - 27/9/2019 | M98: 31/10/2019 | N98: Comments - 31/10/2019 | O98: 27/1/2021 | P98: Comments - 27/1/2021 | Q98: 43892 | S98: 44442 | T98: Comments - 9/3/2021
A99: 1 | O99: 5.51 | P99: Pass | S99: 4.6 | T99: Pass
A100: 2 | O100: 9.49 | P100: Pass | S100: 4.6 | T100: Pass
A101: 3 | O101: 4.79 | P101: Pass | S101: 5 | T101: Pass
A102: 4 | O102: 7.7 | P102: Pass | S102: 6.4 | T102: Pass
A103: 5 | O103: 6.61 | P103: Pass | S103: 4.7 | T103: Pass
A104: 6 | O104: 7.93 | P104: Pass | S104: 6.3 | T104: Pass
A105: 7 | O105: 12.66 | P105: Warning | Q105: Changed | S105: 6 | T105: Pass
A106: 8 | O106: 11.93 | P106: Warning | Q106: Changed | S106: 6.8 | T106: Pass
A107: 9 | O107: 9999 | P107: Fail | Q107: Changed | S107: 3.9 | T107: Pass
A108: 10 | O108: 9999 | P108: Fail | Q108: Changed | S108: 4.2 | T108: Pass
A109: 11 | O109: 4.77 | P109: Pass | S109: 4 | T109: Pass
A110: 12 | O110: 5.66 | P110: Pass | S110: 5 | T110: Pass
A111: 13 | O111: 5.47 | P111: Pass | S111: 4.7 | T111: Pass
A112: 14
A113: 15
A114: 16
A116: Micro 2 Lab XPS 10 KVA UPS
A117: Battery Spec: | B117: 12 Volts 65 AH
A118: Brand: | B118: Amara Raja QUANTA
A119: Sr. No. | B119: 43468 | C119: Comments - 1/3/2019 | D119: 29/3/2019 | E119: Comments - 29/3/2019 | F119: 27/6/2019 | G119: Comments - 27/6/2019 | I119: 19/8/2019 | J119: Comments - 19/8/2019 | K119: 27/9/2019 | L119: Comments - 27/9/2019 | M119: 31/10/2019 | N119: Comments - 31/10/2019 | O119: 29/11/2019 | P119: Comments - 29/11/2019 | Q119: 44055 | R119: Comments - 8/12/2020 | S119: 44198 | T119: 17/2/2021 | U119: Comments - 17/2/2021 | W119: 27/4/2021 | X119: Comments - 27/4/2021
A120: 1 | D120: 8.3 | E120: Pass | F120: 10.3 | G120: Pass | I120: 12 | J120: Warning | K120: 12.1 | L120: Warning | M120: 9.7 | N120: Pass | O120: 9.8 | P120: Pass | Q120: 14.92 | R120: Warning | S120: Changed | U120: Reading got missed | W120: 5.9 | X120: Pass
A121: 2 | D121: 8.8 | E121: Pass | F121: 9.4 | G121: Pass | I121: 11.1 | J121: Pass | K121: 9.2 | L121: Pass | M121: 10.3 | N121: Pss | O121: 10.5 | P121: Pass | Q121: 15.86 | R121: Warning | S121: Changed | T121: 6.12 | U121: Pass | W121: 5.9 | X121: Pass
A122: 3 | D122: 12.8 | E122: Warning | F122: 20.6 | G122: Fail | I122: 10.1 | J122: Pass | K122: 21 | L122: Fail | M122: 22.7 | N122: Fail | O122: 22.3 | P122: Fail | Q122: 19.23 | R122: Fail | S122: Changed | T122: 6.14 | U122: Pass | W122: 6.2 | X122: Pass
A123: 4 | D123: 8.1 | E123: Pass | F123: 8.8 | G123: Pass | I123: 10 | J123: Pass | K123: 9.7 | L123: Pass | M123: 9.4 | N123: Pass | O123: 9.7 | P123: Pass | Q123: 14.31 | R123: Warning | S123: Changed | T123: 6.23 | U123: Pass | W123: 6.9 | X123: Pass
A124: 5 | D124: 10 | E124: Pass | F124: 11.3 | G124: Pass | I124: 9.8 | J124: Pass | K124: 9.2 | L124: Pass | M124: 12.6 | N124: Warning | O124: 12.9 | P124: Warning | Q124: 18.02 | R124: Fail | S124: Changed | T124: 6.21 | U124: Pass | W124: 6.4 | X124: Pass
A125: 6 | D125: 10.5 | E125: Pass | F125: 12.1 | G125: Warning | I125: 10.6 | J125: Pass | K125: 11.2 | L125: Pass | M125: 11.7 | N125: Pass | O125: 12 | P125: Warning | Q125: 14.7 | R125: Warning | S125: Changed | T125: 6.39 | U125: Pass | W125: 6 | X125: Pass
A126: 7 | D126: 11.4 | E126: Pass | F126: 9.3 | G126: Pass | I126: 12.9 | J126: Warning | K126: 13.6 | L126: Warning | M126: 9.7 | N126: Pass | O126: 10 | P126: Pass | Q126: 12.86 | R126: Warning | S126: Changed | T126: 6.38 | U126: Pass | W126: 6 | X126: Pass
A127: 8 | D127: 8.8 | E127: Pass | F127: 9.3 | G127: Pass | I127: 11.9 | J127: Pass | K127: 9.5 | L127: Pass | M127: 9.9 | N127: Pass | O127: 10.1 | P127: Pass | Q127: 14.3 | R127: Warning | S127: Changed | T127: 6.36 | U127: Pass | W127: 5.7 | X127: Pass
A128: 9 | D128: 8.7 | E128: Pass | F128: 13.5 | G128: Warning | I128: 11 | J128: Pass | K128: 9.4 | L128: Pass | M128: 14.8 | N128: Warning | O128: 15.6 | P128: Warning | Q128: 18.1 | R128: Fail | S128: Changed | T128: 6.24 | U128: Pass | W128: 6.4 | X128: Pass
A129: 10 | D129: 9.8 | E129: Pass | F129: 11.2 | G129: Pass | I129: 11.1 | J129: Pass | K129: 11.3 | L129: Pass | M129: 12 | N129: Warning | O129: 12.3 | P129: Warning | Q129: 16.64 | R129: Fail | S129: Changed | T129: 6.15 | U129: Pass | W129: 6.7 | X129: Pass
...
